매출액,영업이익,당기순이익,ROA,ROE,베타
359999.0,29798.0,30848.0,4.0,11.3,1.4
218760.0,22341.0,18810.0,8.4,16.0,1.44
123081.0,4033.0,7697.0,4.9,7.1,1.49
18627.0,2166.0,1260.0,6.4,8.6,0.79
9457.0,-195.0,-372.0,2.8,3.6,0.84
9782.0,1760.0,1325.0,13.1,26.8,0.62
3115.0,699.0,375.0,1.7,1.9,0.67
20400.0,1753.0,3238.0,7.1,10.0,1.22
11659.0,432.0,245.0,1.2,5.7,0.53
3714.0,950.0,692.0,27.8,55.2,0.32
71473.0,-123.0,-631.0,4.7,14.3,1.07
16790.0,457.0,388.0,2.5,6.6,1.48
21067.0,601.0,146.0,0.9,2.9,1.31
18771.0,1874.0,823.0,3.4,9.1,0.66
11719.0,1524.0,1144.0,10.4,17.7,0.92
19186.0,708.0,574.0,6.2,20.2,0.63
14.0,-57.0,-59.0,-20.8,-25.8,1.05
19718.0,531.0,1997.0,5.4,13.6,1.66
39019.0,744.0,455.0,0.7,1.5,1.06
28169.0,474.0,451.0,1.1,2.9,0.7
9456.0,2081.0,1896.0,15.5,22.9,0.79
10264.0,-109.0,-260.0,2.7,3.1,0.9
11252.0,712.0,537.0,2.6,4.8,0.78
25637.0,874.0,429.0,6.1,13.7,1.39
1052.0,-206.0,108.0,-1.5,-1.6,0.58
216.0,-337.0,-240.0,-24.4,-99.3,0.69
5027.0,336.0,225.0,2.8,7.2,0.68
10160.0,784.0,608.0,7.5,12.9,1.64
1973.0,427.0,308.0,13.7,30.1,0.55
4050.0,172.0,53.0,2.2,9.2,0.85
481.0,-107.0,-80.0,-7.2,-10.0,0.58
2868.0,137.0,131.0,3.9,5.3,1.45
3174.0,213.0,267.0,11.1,26.2,1.24
481.0,-289.0,-569.0,-13.7,-105.9,0.73
3595.0,166.0,112.0,3.4,4.7,1.58
374.0,34.0,37.0,2.8,3.1,0.41
2190.0,205.0,225.0,7.9,10.9,1.33
9234.0,244.0,278.0,3.9,6.2,0.77
569.0,51.0,-470.0,-2.7,-8.6,0.72
3574.0,274.0,177.0,7.4,9.8,0.74
3839.0,387.0,333.0,10.1,16.2,0.86
5738.0,296.0,289.0,5.3,7.6,0.67
3087.0,1027.0,998.0,6.8,7.5,1.13
5242.0,558.0,433.0,7.7,11.9,0.75
2483.0,35.0,222.0,8.4,17.5,0.62
8941.0,18.0,-298.0,-1.6,-5.9,1.01
3143.0,444.0,-70.0,1.2,2.8,1.13
3717.0,740.0,533.0,9.6,4.5,0.47
10478.0,2293.0,2144.0,15.2,19.8,0.61
5876.0,114.0,68.0,,,1.04
81.0,-49.0,-19.0,-5.1,-32.5,0.63
892.0,178.0,135.0,13.4,23.1,0.87
6106.0,556.0,245.0,8.4,23.2,0.49
132.0,25.0,8.0,6.4,11.5,1.29
2421.0,170.0,144.0,5.9,9.8,1.09
9349.0,185.0,275.0,2.6,7.6,1.17
8090.0,948.0,481.0,5.1,17.9,0.66
57.0,-11.0,-29.0,-8.4,-16.2,1.1
1082.0,212.0,213.0,19.4,28.9,1.11
4524.0,261.0,139.0,2.5,5.7,0.46
338.0,8.0,-63.0,-1.0,-4.3,0.86
1266.0,115.0,16.0,1.4,0.6,1.08
6534.0,-233.0,-87.0,-1.8,-4.4,1.0
153.0,-4.0,-13.0,-4.3,-5.6,0.98
574.0,90.0,4.0,2.6,6.3,0.62
194.0,3.0,39.0,6.1,7.0,1.25
8584.0,41.0,3530.0,39.9,147.9,1.18
2627.0,453.0,373.0,14.2,19.0,0.55
5253.0,324.0,167.0,2.7,9.5,0.74
1997.0,108.0,53.0,5.3,14.6,1.43
4025.0,224.0,227.0,10.4,31.0,1.48
1825.0,218.0,123.0,3.8,3.1,0.72
1212.0,275.0,-334.0,-10.5,-16.5,0.61
278.0,45.0,47.0,9.1,12.3,0.84
2920.0,337.0,216.0,7.1,15.7,0.71
149.0,22.0,21.0,12.8,17.5,0.65
599.0,8.0,-61.0,-2.5,-3.3,0.62
4829.0,200.0,135.0,4.4,15.1,0.58
1153.0,101.0,109.0,8.3,25.8,1.28
8875.0,3.0,-28.0,-0.7,-1.1,0.82
1389.0,89.0,140.0,6.8,10.7,0.41
984.0,99.0,-7.0,2.3,3.8,0.4
4141.0,586.0,296.0,8.0,25.2,1.49
109.0,2.0,-88.0,-25.6,-49.6,0.54
4554.0,255.0,303.0,7.1,18.8,1.13
1463.0,334.0,322.0,10.1,15.6,0.63
8.0,-6.0,-12.0,2.0,3.2,0.42
2536.0,-28.0,-26.0,-0.4,-2.0,1.01
1521.0,136.0,80.0,4.3,5.8,0.58
1418.0,42.0,40.0,4.7,5.9,0.74
900.0,63.0,63.0,2.6,3.5,0.72
1111.0,153.0,224.0,1.5,2.1,0.72
646.0,31.0,53.0,11.7,21.5,1.22
471.0,-18.0,-27.0,-3.5,-5.9,0.04
670.0,32.0,18.0,2.2,4.0,0.36
274.0,8.0,-64.0,-11.5,-16.9,0.21
1728.0,128.0,259.0,11.9,14.2,0.55
1237.0,83.0,101.0,13.7,30.2,1.02
403.0,92.0,78.0,21.7,24.1,0.87
572.0,55.0,37.0,10.6,24.0,0.42
352.0,7.0,30.0,2.3,3.0,0.61
574.0,41.0,21.0,6.2,9.7,0.88
836.0,7.0,-4.0,-0.8,-2.6,1.09
3537.0,85.0,72.0,2.5,7.6,0.59
95.0,-3.0,-47.0,-17.0,-32.3,0.37
1309.0,39.0,2.0,3.6,6.4,1.1
485.0,190.0,166.0,7.1,8.0,0.51
433.0,56.0,47.0,4.4,6.1,1.2
256.0,34.0,24.0,18.1,29.4,0.63
516.0,81.0,61.0,8.8,14.0,0.41
897.0,-42.0,-11.0,-2.8,-6.3,1.1
6878.0,308.0,80.0,3.2,7.5,1.05
2360.0,98.0,75.0,1.2,2.5,0.59
890.0,22.0,26.0,2.3,4.8,0.8
269.0,-47.0,-66.0,-1.7,-3.8,0.75
37.0,-30.0,-29.0,-21.4,-23.4,0.31
101.0,10.0,15.0,12.9,18.0,1.22
4518.0,120.0,205.0,0.8,3.0,1.35
367.0,68.0,83.0,6.9,7.7,0.56
437.0,48.0,23.0,1.2,0.3,0.47
3.0,-70.0,-71.0,-66.8,-104.6,1.21
29,1,-,-1.5,-1.5,1.47
130.0,-5.0,23.0,3.4,2.4,0.37
90.0,-3.0,-8.0,-4.8,-8.5,0.46
215.0,49.0,46.0,13.1,14.4,0.89
433.0,34.0,206.0,7.3,10.3,0.59
536.0,33.0,1.0,0.7,1.1,0.54
525.0,-5.0,324.0,49.2,95.7,1.59
249.0,19.0,40.0,7.0,10.7,0.33
26.0,-53.0,-40.0,-12.8,-14.6,0.76
155.0,-9.0,164.0,21.9,46.1,0.38
354.0,56.0,31.0,1.5,2.8,1.1
285.0,-2.0,-66.0,-5.1,-6.5,0.99
569.0,150.0,116.0,23.0,34.5,0.91
3407.0,279.0,338.0,5.3,6.3,0.52
7591.0,-115.0,29.0,-0.7,0.8,0.72
122.0,-10.0,-8.0,-10.8,-21.7,0.65268
2695.0,-147.0,-133.0,-5.4,-10.3,0.72
374.0,97.0,82.0,17.7,21.2,0.57
91.0,12.0,12.0,8.6,15.8,1.68
1745.0,116.0,89.0,5.0,24.5,1.25
269.0,-7.0,25.0,1.3,1.6,0.45
1369.0,30.0,17.0,2.6,7.1,0.99
2642.0,229.0,201.0,12.8,33.4,0.95
35.0,-13.0,-626.0,-101.3,-180.3,1.12
643.0,33.0,27.0,18.4,27.5,0.5229
650,6,-,0.9,1.9,1.2
323.0,9.0,20.0,3.5,8.0,0.69
1447.0,162.0,136.0,7.0,19.8,1.38
2512.0,102.0,73.0,6.0,13.6,0.79
877.0,102.0,75.0,9.8,17.5,0.76
484.0,39.0,55.0,6.6,10.3,1.08
837.0,8.0,153.0,11.8,23.8,1.27
662.0,45.0,29.0,3.1,4.2,0.81
51.0,1.0,3.0,-10.1,-19.3,0.72
1569.0,26.0,14.0,1.9,3.7,1.19
893.0,-24.0,-25.0,-1.4,-2.4,0.85
109.0,7.0,4.0,1.4,1.8,0.83
575.0,44.0,39.0,5.5,5.9,1.22
7849.0,428.0,184.0,4.5,13.3,1.04
373.0,25.0,27.0,8.4,10.5,1.47
447.0,53.0,-10.0,2.6,2.9,0.53
2687.0,37.0,-45.0,-0.8,-3.7,0.92
221.0,6.0,5.0,1.9,2.6,0.73
438.0,19.0,12.0,1.5,3.1,1.0
335.0,14.0,7.0,1.2,3.2,1.05
1042.0,-4.0,49.0,1.2,3.4,0.66
189.0,50.0,40.0,23.2,25.7,0.99278
332.0,5.0,32.0,2.0,-0.4,0.85
176.0,-37.0,-33.0,-8.9,-8.7,0.66
88.0,-1.0,-55.0,-15.1,-27.2,0.52
692.0,17.0,-16.0,6.3,13.4,0.54
275.0,47.0,37.0,13.4,20.4,0.21
2389.0,69.0,113.0,3.3,4.7,0.92
1400.0,44.0,49.0,2.7,8.6,1.61
2709.0,13.0,10.0,1.4,3.2,1.11
238.0,8.0,9.0,4.0,5.2,1.1
252.0,-8.0,-17.0,-3.3,-8.7,1.24
84.0,25.0,19.0,6.9,10.3,1.26377
398.0,9.0,11.0,0.7,1.4,0.99
386.0,19.0,1.0,2.3,3.1,0.96
1304.0,71.0,49.0,2.9,1.9,1.33
2886.0,104.0,266.0,4.8,20.8,1.04
522.0,61.0,60.0,5.5,6.4,0.45
403.0,14.0,-1.0,0.2,0.2,0.77
325.0,11.0,10.0,5.3,7.7,0.91
182.0,-29.0,-36.0,-3.7,-7.2,0.72
2185.0,50.0,80.0,1.5,6.9,1.0
973.0,-33.0,10.0,0.9,1.4,1.24
46.0,-24.0,-21.0,-9.4,-11.3,1.0
1004.0,31.0,28.0,1.5,2.3,0.66
615.0,30.0,31.0,3.0,3.6,0.49
4781.0,127.0,98.0,3.2,17.0,0.76
300.0,-4.0,27.0,6.1,8.1,1.18
17.0,-26.0,4.0,-5.3,-6.3,0.51
170.0,-3.0,-3.0,0.5,1.5,0.7
838.0,3.0,-11.0,0.7,1.7,0.8
268.0,-12.0,26.0,2.7,6.7,0.41
296.0,106.0,54.0,7.9,11.2,1.28
3531.0,27.0,-2.0,0.1,12.3,0.73
233.0,17.0,34.0,5.6,6.5,1.1
734.0,40.0,19.0,4.6,6.6,1.03
218.0,20.0,16.0,13.7,19.9,1.56
731.0,76.0,51.0,8.0,9.8,0.72
2946.0,68.0,101.0,3.1,10.3,1.07
649.0,24.0,6.0,0.1,0.2,0.83
71.0,-1.0,-2.0,-1.6,-2.5,1.34
170.0,-30.0,-36.0,-15.5,-33.6,0.83
174.0,62.0,-72.0,-5.5,-12.3,0.9
1657.0,-81.0,-82.0,-4.9,-7.5,0.72
437.0,-40.0,-42.0,-12.0,-16.4,0.89
307.0,34.0,44.0,8.6,11.7,0.88
3398.0,-94.0,-178.0,-6.1,-29.5,1.19
258.0,-94.0,8.0,-8.7,-26.4,1.01
406.0,20.0,22.0,3.9,5.4,0.95
1106.0,51.0,38.0,4.0,8.7,0.90489
177.0,34.0,40.0,6.0,10.8,0.82526
354.0,12.0,6.0,2.0,3.8,0.9
276.0,-27.0,-11.0,-3.2,-6.5,1.02
312.0,49.0,28.0,1.4,1.7,0.68
726.0,10.0,-2.0,0.2,0.5,1.17
3315.0,79.0,83.0,4.3,11.0,1.28
80.0,2.0,-31.0,-14.8,-19.1,1.21
1358.0,34.0,-24.0,1.9,6.6,1.3
233.0,23.0,18.0,5.1,6.9,0.69
80.0,6.0,8.0,3.9,4.9,0.92
366.0,24.0,14.0,4.8,6.3,1.07
103,-,-7,-1.4,-1.4,1.75
2518.0,155.0,-15.0,-1.5,-7.1,0.83
584.0,56.0,16.0,3.9,12.6,0.79
1791.0,111.0,351.0,12.5,17.9,0.85
26.0,-3.0,-1.0,-2.6,-4.8,0.96
318.0,-5.0,-271.0,-4.5,-2.5,0.0
52.0,-11.0,-10.0,-5.9,-6.7,0.0
1441.0,25.0,82.0,4.3,8.9,1.2
8783.0,661.0,283.0,5.6,17.9,1.11
122.0,3.0,5.0,-1.3,-2.9,0.22
170.0,28.0,21.0,14.9,19.5,1.09
706.0,-6.0,3.0,-1.7,-6.2,0.39
705.0,25.0,-58.0,-7.2,-14.9,1.0
1412.0,35.0,6.0,1.1,2.5,1.49
1507.0,39.0,100.0,5.0,24.8,0.75
396.0,-23.0,-17.0,-9.7,-16.6,0.57
262.0,9.0,2.0,-2.9,-5.4,1.13
917.0,-26.0,-30.0,-4.2,-15.8,1.27
3205.0,91.0,97.0,2.2,5.3,0.68
918.0,37.0,24.0,4.1,5.1,1.06
198.0,-44.0,-34.0,-8.7,-23.9,0.88
3926.0,110.0,66.0,0.5,-4.6,1.25
573.0,-35.0,-63.0,-6.0,-71.7,0.54
153.0,-13.0,-66.0,-20.8,-24.6,0.61
1630.0,1.0,38.0,0.4,2.7,1.04
1201.0,40.0,33.0,3.6,9.6,1.47
170.0,-6.0,22.0,-4.7,-7.0,0.33
733.0,42.0,58.0,4.4,4.9,1.02
675.0,16.0,-9.0,0.5,1.4,1.28
738.0,22.0,19.0,3.9,6.1,1.07
146.0,9.0,8.0,4.4,8.3,1.18
414.0,-6.0,-1.0,-1.6,0.8,0.61
438.0,23.0,20.0,4.8,6.6,0.96
779.0,-3.0,10.0,0.6,8.4,0.9
148.0,-11.0,-22.0,-0.7,-2.6,0.87
1821.0,-189.0,-207.0,-12.6,-149.6,0.58
370.0,6.0,29.0,9.7,29.1,0.77
211.0,36.0,27.0,8.4,13.7,1.18
114.0,15.0,50.0,13.9,20.6,0.81
156.0,17.0,16.0,10.9,12.4,0.83
349.0,9.0,56.0,6.7,12.6,1.44
301.0,18.0,72.0,7.6,11.1,0.89
1200.0,94.0,86.0,8.5,32.4,1.78
357.0,9.0,-4.0,0.9,3.0,0.57
145.0,-23.0,-18.0,3.2,4.3,0.8
315.0,26.0,19.0,7.0,13.1,0.64
227.0,43.0,27.0,8.8,15.4,0.79
201.0,1.0,1.0,0.8,1.5,1.16
326.0,-5.0,33.0,3.7,4.2,0.34
96,-,3,6.2,7.0,1.06
345.0,-29.0,-28.0,-4.5,-7.6,0.55
1112.0,39.0,28.0,2.3,7.0,1.2
488.0,-17.0,-35.0,-9.9,-29.2,0.9
1284.0,5.0,15.0,0.9,7.8,1.1
197.0,12.0,14.0,7.2,9.2,0.9
441.0,-69.0,-27.0,0.7,0.9,0.81
301.0,-8.0,12.0,-2.3,-10.2,0.83
330.0,32.0,28.0,1.0,1.3,0.81
133.0,6.0,6.0,4.5,5.3,0.51
213.0,17.0,15.0,4.9,8.2,0.95
230.0,-3.0,-5.0,-0.3,-1.3,0.51
191.0,-1.0,-51.0,-14.6,-21.8,-0.04
1312.0,60.0,19.0,1.7,11.9,1.02
1203.0,7.0,-4.0,-0.3,-1.0,1.54
165.0,-5.0,-6.0,-11.5,-77.4,0.68
403.0,15.0,7.0,4.9,8.6,1.02
1519.0,-74.0,-20.0,-2.9,-9.0,1.03
309.0,37.0,35.0,7.6,15.0,1.27
73.0,4.0,8.0,4.2,4.6,1.35
1025.0,22.0,30.0,0.5,1.4,0.73
82.0,-5.0,-3.0,-13.6,-29.7,0.68
377.0,15.0,37.0,2.9,11.5,1.19
196.0,27.0,6.0,6.4,10.6,0.96
17.0,-24.0,-18.0,-30.9,-68.8,0.55
500.0,9.0,10.0,2.8,5.3,1.29
2164.0,-66.0,-213.0,-9.0,-34.5,0.7
187.0,53.0,34.0,6.0,7.5,0.49
85.0,-29.0,-38.0,-22.0,-66.6,0.99
160.0,13.0,14.0,5.5,11.7,0.92
204.0,4.0,-2.0,-8.9,-14.0,1.24
404.0,39.0,35.0,7.7,12.4,1.06
109.0,3.0,-28.0,-1.2,-1.6,1.45
161.0,-15.0,-25.0,-15.4,-51.1,0.26
512.0,29.0,11.0,6.0,15.3,1.23
985.0,53.0,58.0,1.9,4.4,1.23
289,19,-,-0.4,-1.1,0.4
108.0,-22.0,-21.0,-17.4,-26.2,0.66
1323,5,-,-0.2,-1.1,0.9
85.0,-4.0,-6.0,-4.3,-10.5,-0.03
216.0,15.0,20.0,5.3,7.0,1.1
1687.0,35.0,40.0,0.4,1.3,0.76
398.0,-7.0,-15.0,-2.2,-7.5,0.36
424.0,-33.0,-30.0,-4.0,-10.8,0.97
407,-,31,3.6,4.6,1.15
966.0,14.0,11.0,1.0,2.8,1.17
1208.0,-56.0,-41.0,-2.3,-3.4,0.52
29.0,6.0,7.0,2.7,3.3,0.76
469.0,-8.0,-7.0,-1.9,-6.7,0.89
154.0,-12.0,-9.0,-1.6,-2.5,1.17
449.0,-5.0,-7.0,0.2,0.3,1.31
134.0,-1.0,5.0,1.0,3.1,1.24
150.0,-6.0,-12.0,-10.8,-20.8,1.0
30.0,6.0,9.0,12.9,15.0,0.48
375.0,-6.0,23.0,-11.9,-36.5,0.87
582.0,34.0,1.0,3.4,7.0,0.93
5381.0,132.0,92.0,2.4,10.9,0.48
1738.0,9.0,-11.0,-2.4,-17.0,1.09
34.0,1.0,1.0,-2.8,-3.3,0.67
67.0,-22.0,-38.0,-30.5,-59.5,0.41
103.0,-12.0,-8.0,-6.0,-15.2,1.4
99.0,58.0,70.0,11.8,13.0,0.72
313.0,52.0,46.0,12.0,16.6,0.77
511.0,8.0,-31.0,-2.2,-8.4,1.26
208.0,-27.0,-21.0,-6.5,-11.6,1.1
549.0,78.0,86.0,12.0,37.3,0.81
70.0,-13.0,-11.0,1.5,2.0,0.93
141.0,-11.0,4.0,-5.7,-16.4,0.43
50.0,-5.0,-9.0,-6.4,-8.2,1.04
222.0,-5.0,34.0,5.4,-1.7,0.72
447.0,5.0,7.0,-1.1,-2.0,1.0
18.0,-6.0,-12.0,-12.1,-22.2,0.98
370.0,9.0,-11.0,11.4,63.0,1.25
206.0,7.0,25.0,7.0,29.9,1.13
420.0,5.0,41.0,3.5,4.8,0.83
215.0,19.0,16.0,3.5,7.2,1.0
382.0,7.0,6.0,1.0,2.4,0.94
348.0,-1.0,-2.0,2.3,5.4,0.0
40.0,-6.0,-25.0,-17.7,-31.3,0.0
5961.0,1990.0,1840.0,10.8,15.4,1.2
6514.0,1697.0,1520.0,5.1,8.9,0.69
5190.0,741.0,391.0,4.1,7.9,1.43
578.0,-136.0,12.0,-4.9,-4.2,1.06
4830.0,169.0,329.0,4.0,5.2,0.91
3171.0,316.0,227.0,4.9,9.3,0.81
1383.0,612.0,461.0,7.0,9.0,0.08
57.0,-93.0,-59.0,-0.1,0.3,1.51
2654.0,564.0,306.0,10.3,53.4,0.75
1054.0,109.0,75.0,3.8,7.0,1.45
534.0,-401.0,-454.0,-25.7,-39.3,0.96
50.0,-31.0,-54.0,-22.1,-30.8,0.74
7950.0,3481.0,3386.0,48.6,63.7,0.13
159.0,-48.0,66.0,-2.4,-3.0,1.07
1284.0,130.0,251.0,25.5,33.5,1.16
2541.0,158.0,140.0,6.6,8.9,0.99
117.0,-68.0,-78.0,-11.4,-13.0,1.12
511.0,35.0,34.0,2.2,3.3,1.34
4232.0,131.0,109.0,2.3,3.0,1.17
674.0,223.0,154.0,6.2,7.7,0.79
504.0,-34.0,-46.0,-5.1,-5.7,1.37
3221.0,300.0,162.0,4.0,10.5,1.0
144.0,-94.0,-110.0,-12.4,-15.2,0.93
161.0,-21.0,21.0,-12.1,-22.8,1.32
2117.0,-56.0,-3.0,-1.0,-2.7,0.98
3660.0,269.0,225.0,7.5,14.1,1.02
,-15.0,-13.0,-20.4,-21.1,0.98
24.0,-133.0,-176.0,-32.8,-52.5,1.24
526,-,12,7.8,9.0,1.0
6.0,-92.0,-155.0,0.3,0.5,1.19
262.0,7.0,-1.0,-0.2,-0.2,0.75
498.0,104.0,193.0,7.9,11.3,1.01
967.0,352.0,362.0,17.3,32.5,0.88
5.0,-129.0,-83.0,-15.6,-20.5,1.08
146.0,6.0,10.0,0.4,3.0,0.92
4221.0,593.0,401.0,7.0,14.6,1.05
1148.0,698.0,628.0,102.1,150.2,1.11
71.0,-34.0,-140.0,-31.7,-46.4,1.76
15.0,-67.0,-65.0,-51.3,-71.9,1.08
429.0,-6.0,-13.0,-2.0,-1.9,0.98
472.0,30.0,15.0,2.6,3.4,1.13
7.0,-84.0,-90.0,-33.0,-54.2,1.0
557.0,50.0,31.0,8.2,10.7,1.07
1699.0,200.0,161.0,8.6,13.6,0.68
1625.0,-223.0,502.0,-19.8,-70.5,0.48
2519.0,177.0,135.0,2.3,3.6,0.41
5171.0,99.0,-30.0,0.5,-1.6,1.15
404.0,81.0,55.0,5.3,8.1,1.59
618.0,73.0,23.0,6.9,11.1,0.91
164.0,90.0,75.0,13.3,14.3,0.68
262.0,13.0,11.0,4.0,6.0,0.56
,-71.0,-80.0,-19.7,-51.7,1.25
325.0,-17.0,-108.0,-9.3,-22.4,1.23
622.0,143.0,152.0,26.1,38.6,1.47
131.0,22.0,12.0,3.8,5.4,0.81
497.0,174.0,98.0,9.1,12.5,0.93
222.0,-3.0,-20.0,-8.3,-12.7,0.83
2610.0,142.0,89.0,0.5,1.1,0.56
2.0,-38.0,-35.0,-19.0,-19.7,0.86
48.0,-123.0,-163.0,-51.4,-109.1,1.65
308.0,90.0,74.0,32.7,51.2,1.09
119.0,-8.0,-21.0,-4.3,-6.3,0.75
141.0,66.0,53.0,20.7,23.5,1.72
27.0,-15.0,122.0,14.4,20.1,1.34
1671.0,210.0,148.0,9.8,14.0,0.77
522.0,-15.0,-14.0,-2.9,-5.6,0.94
1825.0,138.0,151.0,6.2,10.9,0.56
25.0,-137.0,153.0,-14.0,-409690.7,1.32393
160.0,-47.0,-116.0,-11.9,-23.8,1.23
201,12,-,0.2,0.2,1.21
831.0,89.0,72.0,6.9,9.1,1.12
637.0,160.0,78.0,12.4,16.0,0.77
1.0,-31.0,-61.0,-32.6,-92.9,0.65
116.0,1.0,10.0,1.2,3.0,1.01
1650.0,94.0,9.0,3.3,10.4,0.79
26.0,-183.0,-173.0,-36.5,-57.8,0.93
1633.0,44.0,30.0,0.8,1.5,0.54
76.0,-36.0,-51.0,-11.1,-15.8,1.07
675.0,42.0,42.0,4.6,6.7,0.57
345.0,11.0,19.0,2.5,4.4,0.8
-,-29,-34,-19.1,-20.3,1.33
10.0,-25.0,-25.0,-36.5,-59.0,1.54
302.0,71.0,43.0,8.3,11.1,0.63
1241.0,109.0,75.0,7.1,12.1,0.77
1067.0,230.0,233.0,17.1,25.2,0.88
7.0,-55.0,-60.0,-42.4,-100.2,1.36375
14.0,-24.0,-41.0,-19.0,-39.8,1.27
55.0,-67.0,-66.0,-5.9,-8.7,1.31
643.0,118.0,147.0,13.3,16.8,0.7
297.0,6.0,-51.0,-3.1,-4.9,0.73
394.0,99.0,86.0,17.4,19.4,0.66
19.0,-74.0,-92.0,-34.7,-86.7,1.33
112.0,-60.0,-86.0,-14.6,-16.6,1.55
1170.0,102.0,71.0,7.8,15.9,0.59
3618.0,103.0,37.0,2.7,4.2,0.54
486.0,67.0,55.0,7.9,8.7,0.72
-,-96,-74,-31.4,-50.0,1.35
103.0,11.0,83.0,13.8,39.1,1.01
213.0,24.0,-4.0,1.0,1.9,0.8
219.0,54.0,40.0,37.3,47.2,0.8
55.0,7.0,10.0,8.2,15.6,1.08
241.0,31.0,50.0,14.6,17.3,1.21
18.0,-11.0,-21.0,-7.1,-8.2,1.05
1719.0,184.0,121.0,6.3,11.6,0.39
10.0,-41.0,-37.0,-15.1,-19.2,0.76
312.0,33.0,2.0,-0.2,-0.1,0.87
78.0,5.0,17.0,5.7,5.7,0.79
872.0,101.0,65.0,5.4,6.5,0.52
29.0,-17.0,-22.0,-13.4,-19.6,1.19
13.0,-67.0,-107.0,-34.7,-41.7,1.49
11.0,-31.0,-99.0,3.1,3.9,0.77
141.0,-52.0,-99.0,-16.0,-37.0,1.07
2244.0,-84.0,-104.0,-1.2,-0.2,0.67
221.0,-31.0,-92.0,-13.6,-43.0,0.79
409.0,33.0,24.0,10.3,20.1,0.79
104.0,-5.0,-19.0,-9.5,-21.3,1.17
9.0,-50.0,-34.0,-30.8,-41.9,0.64
,-28.0,-22.0,,,1.72844
228.0,91.0,138.0,54.4,77.7,1.2
10.0,-37.0,-34.0,-16.9,-20.1,1.58
55.0,18.0,10.0,12.6,13.6,1.2
,-40.0,-42.0,-33.3,-52.3,1.37
396,-,-4,0.6,1.2,0.74
13.0,-45.0,-66.0,-17.6,-22.1,1.38
241.0,11.0,-3.0,2.1,3.5,1.03
229.0,-23.0,-15.0,-5.4,-12.9,0.42
330.0,23.0,7.0,2.5,2.8,0.91
152.0,-6.0,35.0,2.2,2.3,0.63
1321.0,61.0,-16.0,-0.3,-0.7,0.7
,-86.0,-169.0,-23.3,-60.8,1.17
47.0,-36.0,-73.0,-38.7,-85.8,1.47
145.0,45.0,47.0,19.8,23.3,1.09
-,-27,-40,-32.4,-122.5,0.94
317.0,76.0,54.0,16.5,25.8,0.99
121.0,14.0,24.0,8.0,12.5,1.06
1718.0,-287.0,423.0,-18.6,-143.6,0.76
142.0,22.0,60.0,11.3,25.1,1.17
,-41.0,-42.0,-14.8,-16.5,1.45
242.0,-22.0,-42.0,-10.0,-34.1,1.07
781.0,88.0,60.0,10.6,18.5,0.58
370.0,59.0,46.0,7.6,11.2,0.99
403.0,-4.0,-12.0,1.4,1.6,0.72
236.0,83.0,71.0,21.8,24.1,1.25
7.0,-115.0,-116.0,-75.8,-81.9,0.99
462.0,28.0,25.0,5.3,7.8,1.02
1697.0,204.0,102.0,3.6,3.0,0.7
1947.0,-23.0,-20.0,-3.0,-6.9,1.05
78.0,30.0,34.0,28.8,32.2,0.55
198.0,39.0,-56.0,-1.9,-3.1,0.06
39.0,-48.0,-47.0,-20.5,-31.1,1.12
2053.0,171.0,19.0,3.1,13.7,0.72
347.0,11.0,125.0,52.1,83.7,0.66
23.0,-6.0,-3.0,-22.9,-28.3,1.32
1.0,-28.0,32.0,7.8,17.0,1.54
511.0,74.0,59.0,7.6,9.4,0.56
360.0,20.0,23.0,4.4,4.7,0.75
471.0,70.0,29.0,6.5,11.5,0.68
1.0,-15.0,-20.0,-11.0,-18.6,0.29
7.0,-68.0,-79.0,-25.8,-35.5,1.07
327.0,153.0,138.0,20.2,30.4,0.74
44.0,8.0,7.0,6.5,7.4,1.07
490.0,44.0,11.0,4.3,6.9,1.14
122.0,10.0,4.0,-0.8,-0.9,0.7
464.0,84.0,69.0,9.5,12.6,0.71
412.0,26.0,24.0,4.1,8.1,0.51
143.0,20.0,4.0,1.5,3.1,1.09
73.0,-6.0,21.0,-0.2,-4.5,1.19
97.0,6.0,1.0,0.4,2.9,1.56
39.0,-103.0,-101.0,-34.5,-61.2,0.5
4.0,-49.0,-47.0,-34.2,-37.8,1.16
127.0,3.0,99.0,39.4,132.2,0.61
202.0,21.0,9.0,2.3,5.1,0.81
367.0,-40.0,-49.0,-4.1,-7.7,0.81
85.0,13.0,19.0,11.7,13.9,1.04
222.0,23.0,20.0,-0.1,-0.2,1.09
1.0,-73.0,-126.0,-31.7,-40.9,1.3
310.0,-7.0,-9.0,0.8,2.1,1.18
172.0,-13.0,-13.0,-9.3,-16.0,0.88
22.0,3.0,4.0,0.6,0.6,1.22
222.0,-15.0,-66.0,-7.3,-14.1,0.74
14.0,-25.0,3.0,-9.3,-23.8,0.81
28.0,-2.0,2.0,8.9,9.7,0.85
506.0,56.0,33.0,18.8,33.7,0.81
238.0,33.0,30.0,9.1,36.4,0.74
1.0,-27.0,-47.0,-41.8,-51.1,1.61
222.0,45.0,41.0,14.1,17.7,0.61
352.0,42.0,62.0,12.3,20.5,0.87
22.0,-14.0,-39.0,-11.4,-24.0,1.01
94.0,15.0,15.0,7.1,8.5,1.07
118.0,6.0,3.0,4.1,9.2,0.36
235.0,29.0,40.0,10.9,21.4,0.85
408.0,32.0,23.0,2.9,7.7,1.03
112.0,9.0,15.0,6.6,8.0,0.52
10.0,-2.0,1.0,-0.1,-0.1,1.72
44.0,3.0,25.0,27.6,33.3,1.15
202.0,13.0,-7.0,0.7,4.5,1.07
200.0,15.0,-49.0,-9.2,-11.7,0.85
182.0,-5.0,-46.0,-7.6,-19.6,0.77
266.0,51.0,42.0,11.6,21.0,0.69
140.0,16.0,-10.0,0.0,0.0,1.07
265.0,31.0,23.0,4.5,7.2,0.78
32.0,-15.0,-13.0,-13.6,-17.7,1.06
39.0,-20.0,-4.0,-2.3,-4.1,0.6
26.0,-36.0,-42.0,-6.9,-12.0,1.03
37.0,-10.0,-2.0,-20.0,-23.5,1.55
44.0,22.0,20.0,10.1,12.0,1.17028
395.0,-13.0,6.0,4.1,5.3,0.8
174.0,-8.0,-9.0,-5.4,-8.2,0.98
137.0,49.0,39.0,13.3,18.1,0.92
923.0,48.0,6.0,0.2,0.6,0.98
40.0,-9.0,-6.0,-7.4,-10.2,1.25
-,-76,-88,-50.7,-68.2,1.34
51.0,3.0,29.0,9.1,25.2,1.08
50.0,2.0,-163.0,-22.9,-31.1,0.7
122.0,5.0,32.0,11.0,11.7,0.68
173.0,-4.0,-4.0,-5.4,-17.7,1.04
345.0,1.0,-9.0,-1.0,-2.8,1.08
149.0,11.0,6.0,4.0,4.4,0.74
322.0,15.0,12.0,4.7,9.5,1.05
50.0,-8.0,-24.0,-8.7,-13.4,1.12
154.0,28.0,28.0,8.5,8.9,1.26
114.0,19.0,14.0,4.9,7.2,0.77
231.0,-2.0,-1.0,6.8,8.1,0.3
450.0,23.0,-3.0,0.1,0.2,0.61
70.0,10.0,-89.0,-36.2,-45.3,0.82
208.0,41.0,35.0,9.1,10.4,1.51
289.0,57.0,46.0,16.3,25.3,1.04
1.0,-25.0,-24.0,-22.1,-23.4,1.3
461.0,-8.0,-10.0,-0.7,-1.2,0.93
130.0,-14.0,999.0,46.8,51.1,0.28
115.0,30.0,30.0,10.7,22.2,0.91
27.0,-17.0,-13.0,-14.5,-16.7,0.96
33.0,-1.0,-4.0,-2.6,-7.3,1.19
170,-,4,3.4,3.7,0.4
204.0,-59.0,-139.0,-15.4,-19.3,1.34
30.0,-4.0,13.0,-7.9,-10.4,1.02
383.0,27.0,24.0,8.2,12.8,0.91
60,-,14,9.8,15.2,0.39
501.0,2.0,22.0,9.2,14.5,0.66
376.0,78.0,61.0,9.0,11.0,0.72
9.0,-23.0,-22.0,-14.8,-31.7,0.73
185.0,23.0,31.0,9.7,14.4,1.07
154.0,12.0,7.0,4.8,7.1,0.91
122.0,6.0,1.0,2.2,1.7,1.08
170.0,17.0,14.0,12.9,15.9,1.43
2135.0,-3.0,-4.0,-1.2,-0.8,0.66
111.0,31.0,36.0,17.2,25.7,1.13
5.0,-27.0,-102.0,-68.7,-144.0,1.02
150.0,20.0,32.0,11.6,13.4,0.88
5.0,-17.0,-16.0,-8.9,-10.2,1.08
481.0,14.0,12.0,2.3,3.4,0.8
6.0,-27.0,-28.0,-32.2,-56.0,1.24
118.0,12.0,13.0,9.9,12.8,0.95
14.0,-29.0,-28.0,-17.5,-19.7,1.19
250.0,26.0,20.0,5.8,6.6,0.94
52.0,-11.0,-31.0,-11.1,-31.2,1.07
185.0,-1.0,-1.0,0.5,2.1,1.32
162.0,2.0,10.0,-2.8,-4.6,0.87
197.0,27.0,20.0,10.9,12.6,0.83
73.0,7.0,11.0,8.3,9.5,1.36
3.0,-41.0,-41.0,-45.2,-109.7,1.06197
174.0,24.0,29.0,7.0,12.8,0.91
6.0,-55.0,-56.0,-73.5,-132.6,1.33
20.0,-3.0,-1.0,-7.8,-13.0,0.66
42.0,13.0,15.0,8.6,9.1,0.91
72.0,15.0,9.0,8.9,12.4,0.79
290.0,12.0,13.0,0.3,0.4,1.44
167.0,23.0,44.0,3.2,7.0,1.28
259.0,27.0,24.0,4.9,10.3,1.11
30.0,7.0,7.0,7.5,9.5,1.17
109.0,-11.0,-5.0,-1.1,-1.4,1.41
68.0,10.0,9.0,5.2,6.5,0.95
394.0,-10.0,-38.0,-13.6,-28.6,0.9
24.0,-3.0,10.0,2.1,2.1,1.08
131.0,-12.0,-34.0,-8.5,-29.3,0.92
40.0,-18.0,-27.0,-8.7,-15.9,0.78
27.0,1.0,1.0,3.0,3.2,1.47
19.0,-17.0,-41.0,-22.7,-31.8,0.82
36.0,-8.0,-9.0,-7.9,-8.2,0.88
361.0,11.0,11.0,6.2,9.2,0.97
1669.0,69.0,34.0,1.1,4.3,0.6
1.0,-12.0,-15.0,-20.0,-58.7,1.06
4.0,-15.0,7.0,-8.4,-20.4,0.8
168.0,27.0,7.0,4.1,4.5,0.45
46.0,-1.0,5.0,2.3,4.1,1.21
127.0,-18.0,-27.0,-12.7,-24.5,0.6
61.0,-12.0,-10.0,-6.2,-10.3,0.62
273.0,27.0,17.0,5.2,7.0,0.43
71,-3,-,5.6,9.3,1.0
187,1,-,1.1,1.5,0.75
66.0,-17.0,-16.0,-15.5,-68.2,0.82
7.0,-7.0,-7.0,-36.1,-50.9,0.48
34.0,-20.0,-13.0,-17.6,-48.4,0.58379
123,1,-,-0.8,-2.8,1.14
168.0,-1.0,14.0,1.0,1.1,0.72
75.0,13.0,23.0,12.0,20.1,1.11
32.0,-13.0,-16.0,-32.6,-50.4,0.69
101.0,15.0,12.0,4.7,6.8,0.97
40.0,-2.0,3.0,2.1,3.6,1.29
20458.0,3362.0,1585.0,1.9,3.1,1.13
18223.0,1710.0,1012.0,12.0,25.9,1.09
6293.0,1230.0,1187.0,13.0,18.5,0.65
4237.0,1623.0,1940.0,15.2,18.1,0.21
42899.0,4596.0,2581.0,3.1,8.1,0.73
63122.0,4592.0,3634.0,4.3,9.6,0.48
33843.0,2484.0,1620.0,3.4,8.5,0.48
5122.0,883.0,989.0,5.2,8.8,1.06
678.0,243.0,152.0,19.5,24.9,1.11
940.0,-42.0,320.0,5.6,10.1,0.76
9764.0,880.0,613.0,8.3,18.6,0.69
6606.0,-346.0,-1205.0,-3.3,-5.7,0.82
3388.0,810.0,640.0,4.4,5.9,1.01
1844.0,194.0,254.0,7.7,16.3,1.09
1090.0,-346.0,-324.0,-5.3,-12.0,1.23
11925.0,556.0,-250.0,-0.6,-0.9,0.73
1575.0,270.0,256.0,8.7,12.1,0.76
760.0,93.0,86.0,4.4,3.1,0.87
1934.0,38.0,149.0,1.2,4.9,0.86
780.0,232.0,197.0,19.0,36.0,0.88
463.0,-49.0,-57.0,-8.2,-13.1,0.78
3185.0,-162.0,-738.0,-9.9,-237.2,0.95
4057.0,260.0,122.0,3.0,5.0,0.53
703.0,59.0,208.0,11.5,13.6,0.86
2522.0,501.0,511.0,13.5,26.8,0.7
1025.0,120.0,146.0,9.1,10.3,0.74
2659.0,-13.0,-113.0,-1.7,-24.7,0.8
696.0,256.0,206.0,12.6,15.1,1.03
1496.0,418.0,-391.0,-0.8,0.6,0.69
243.0,-68.0,-60.0,-7.2,-11.2,0.83
1462.0,456.0,352.0,28.2,47.5,0.43
240.0,87.0,91.0,42.2,82.3,0.88
604.0,32.0,78.0,1.5,6.8,1.12
533.0,-22.0,-23.0,4.5,7.2,1.07
289.0,-16.0,-317.0,-12.1,-13.5,0.69
138.0,-30.0,-54.0,-17.9,-29.0,1.22
2542.0,233.0,166.0,5.5,8.5,0.61
898.0,331.0,34.0,2.1,0.5,1.15
398.0,1.0,1.0,2.2,5.5,0.91
179.0,-3.0,-31.0,-5.5,-8.9,0.55
325.0,25.0,27.0,8.4,9.1,0.88
95.0,-37.0,-31.0,-5.6,-6.5,1.2
2739.0,131.0,75.0,2.3,5.1,0.86
339.0,-7.0,-89.0,-5.1,-8.3,0.48
62.0,-65.0,-306.0,-51.6,-56.7,1.32
365.0,9.0,36.0,0.8,2.3,1.45
659.0,27.0,87.0,7.7,16.3,0.82
288.0,35.0,24.0,13.3,24.2,1.28
268.0,75.0,56.0,9.8,9.4,0.74
45.0,10.0,9.0,-25.6,-44.0,1.24
23.0,-4.0,-41.0,-2.9,-3.9,0.71
712.0,25.0,-207.0,-3.4,-18.5,1.02
491.0,49.0,60.0,1.7,4.1,1.34
55.0,-15.0,-7.0,-2.1,-2.5,1.56
390.0,108.0,86.0,5.8,13.5,0.78
378.0,50.0,62.0,2.9,4.4,0.52
517.0,72.0,42.0,2.9,3.7,1.06
718.0,67.0,39.0,11.8,17.3,1.52
14.0,-35.0,-47.0,-35.0,-46.1,0.86
38.0,12.0,9.0,-22.0,-52.5,0.04
133.0,39.0,39.0,18.6,21.4,0.96
161.0,-11.0,-8.0,-1.3,-1.8,1.4
136.0,8.0,10.0,7.6,9.6,1.08
282.0,18.0,21.0,10.7,17.9,1.2
164.0,12.0,8.0,3.0,4.3,2.43
24.0,-42.0,-41.0,-25.4,-27.3,1.12
126.0,48.0,31.0,4.3,10.1,0.77
26.0,-15.0,-13.0,-10.3,-16.0,0.15
70.0,22.0,-15.0,0.2,0.3,1.14
115.0,7.0,5.0,-1.5,-0.7,0.29
140.0,6.0,5.0,-3.5,-5.8,0.34
157.0,33.0,36.0,4.3,4.6,1.28
240.0,41.0,59.0,9.6,11.6,0.72
72.0,-7.0,1.0,-4.6,-5.3,0.93383
110.0,26.0,19.0,6.1,8.0,0.42
515.0,7.0,-52.0,-2.2,-3.5,0.95
304.0,31.0,67.0,20.5,34.0,1.65
77.0,2.0,1.0,1.0,1.2,1.34
119.0,-4.0,3.0,-6.4,-10.8,0.69
187.0,3.0,19.0,6.2,6.8,1.12
113.0,-32.0,-82.0,-39.9,-44.4,1.01
97.0,11.0,14.0,3.7,3.9,2.04
1016.0,33.0,25.0,0.4,1.3,0.7
84.0,11.0,12.0,3.2,3.7,1.25
23.0,-7.0,-112.0,-28.9,-49.3,0.73
267.0,5.0,6.0,2.2,4.4,1.48
137.0,9.0,7.0,1.2,2.1,1.03
668.0,51.0,-32.0,-2.9,-4.3,1.1
17,-,12,2.3,3.6,1.37
679.0,-6.0,236.0,27.9,73.3,0.9
20.0,-16.0,-26.0,-3.8,-4.5,0.63
164.0,8.0,11.0,5.7,7.3,1.01
1465.0,95.0,66.0,4.2,8.3,0.41
190.0,2.0,27.0,8.9,13.3,1.12
142.0,-15.0,-18.0,-8.9,-18.2,1.08
36.0,-50.0,2.0,0.1,0.2,0.63
48.0,-8.0,-12.0,-1.3,-0.5,1.11
16.0,-22.0,-23.0,-21.2,-26.1,1.09
163.0,75.0,-10.0,2.0,3.0,1.08
146.0,14.0,36.0,14.4,28.8,1.25
79.0,-109.0,-75.0,-3.6,-17.5,0.67
108.0,-12.0,17.0,-2.9,-9.5,0.91
73.0,-37.0,-191.0,-20.3,-23.7,1.05
127.0,32.0,-42.0,-5.0,-6.4,1.42
73.0,10.0,10.0,11.0,13.4,0.99
332.0,7.0,10.0,2.8,3.7,0.6
125.0,11.0,8.0,2.5,3.1,1.22
50.0,-68.0,-85.0,-42.1,-108.7,0.37
34.0,2.0,3.0,1.1,1.7,0.39
25.0,-4.0,5.0,5.6,6.4,1.36
493.0,68.0,52.0,7.0,15.3,1.22
48.0,2.0,1.0,0.9,1.5,0.6
69.0,-2.0,-173.0,-20.6,-17.3,0.84
114.0,22.0,19.0,4.2,8.1,1.19
257208.0,16002.0,13080.0,0.8,11.7,0.74
75869.0,17492.0,13399.0,0.8,11.5,0.73
208984.0,11419.0,8477.0,0.7,10.0,0.85
137614.0,12037.0,9868.0,0.8,13.3,0.66
65343.0,4784.0,3513.0,1.7,12.0,0.45
99593.0,2704.0,1990.0,0.3,2.8,0.8
3708.0,744.0,570.0,0.7,4.5,0.77
59734.0,3908.0,2983.0,1.8,19.1,0.55
34541.0,7422.0,5667.0,0.6,9.0,0.56
72251.0,1673.0,995.0,1.0,10.9,1.23
57656.0,3213.0,2635.0,0.9,8.5,1.06
40026.0,1828.0,1368.0,0.9,9.5,0.93
53586.0,2903.0,2140.0,1.4,15.7,0.42
18196.0,3274.0,2396.0,0.8,10.7,0.49
32111.0,3211.0,2324.0,3.2,52.9,0.3
40497.0,1542.0,1196.0,0.8,6.3,0.86
147058.0,1988.0,1584.0,1.5,16.3,0.67
151898.0,9146.0,9167.0,1.2,36.9,1.08
7340.0,2124.0,1572.0,1.1,15.1,0.47
24153.0,1273.0,1087.0,1.1,11.6,1.41
16815.0,1943.0,1344.0,0.7,10.6,0.47
177949.0,4995.0,3681.0,2.1,33.2,0.32
81714.0,4580.0,3186.0,0.5,7.1,0.88
10067.0,2097.0,1552.0,2.3,8.3,0.53
30322.0,234.0,205.0,0.9,4.7,0.28
24773.0,1420.0,1123.0,1.1,11.0,0.81
13986.0,1381.0,965.0,1.4,11.8,0.77
5777.0,-30.0,-93.0,0.4,2.2,1.21
1898.0,203.0,185.0,1.8,14.6,0.43
999.0,336.0,253.0,1.7,14.8,0.72
55.0,-1757.0,-1366.0,-29.5,-37.0,1.24
21400.0,783.0,554.0,1.3,35.1,0.57
3937.0,-4.0,38.0,0.2,2.2,0.92
6808.0,-120.0,-78.0,0.3,2.9,1.14
1100.0,117.0,539.0,7.9,25.1,0.99
606.0,228.0,134.0,4.0,6.6,0.45
10247.0,-220.0,-257.0,-0.9,-7.8,0.34
214.0,79.0,47.0,,,1.46988
4480.0,519.0,434.0,1.9,22.9,1.25
4911.0,241.0,183.0,0.7,6.4,1.09
553.0,358.0,273.0,8.8,13.3,0.62
19559.0,729.0,333.0,0.5,7.5,0.52
3428.0,487.0,369.0,1.5,11.3,0.98
26288.0,1668.0,1265.0,1.2,10.4,0.89
9596.0,548.0,414.0,0.3,7.1,0.34
4388.0,-45.0,-43.0,0.3,2.3,0.98
1797.0,171.0,176.0,4.3,13.7,0.17
69.0,-22.0,-22.0,-4.3,-4.7,1.02
179.0,35.0,26.0,0.7,1.0,1.1
306.0,144.0,111.0,31.8,39.0,0.98
699.0,9.0,605.0,38.4,97.4,0.57
95.0,36.0,27.0,13.6,15.7,0.96
10589.0,248.0,172.0,0.7,6.0,0.65
-,-,2,0.5,0.6,0.13
1184.0,296.0,233.0,8.6,30.7,1.14
84.0,40.0,42.0,9.6,13.9,0.53
3503.0,198.0,148.0,1.1,8.0,0.6
9575.0,345.0,247.0,0.5,10.9,0.6
186.0,141.0,112.0,27.9,36.6,1.0
99.0,-11.0,-36.0,-12.5,-20.4,0.48
2894.0,108.0,82.0,1.6,9.8,0.81
251.0,33.0,-54.0,-4.2,-33.1,1.04
2560.0,167.0,110.0,1.6,8.2,0.31
54.0,44.0,37.0,2.5,2.7,0.71346
-16.0,-2.0,-1.0,6.4,6.7,1.29
54.0,-10.0,-8.0,-13.2,-25.4,0.2
223.0,53.0,75.0,3.0,20.6,1.19
730.0,252.0,190.0,2.4,19.8,0.67
38.0,-29.0,-7.0,1.3,1.9,0.33
29.0,-36.0,-35.0,-5.3,-5.8,0.86
8.0,-8.0,-7.0,-4.3,-5.1,0.44
-,-,1,0.6,0.7,-0.02
12051.0,274.0,215.0,1.0,21.4,0.66
168.0,114.0,88.0,19.3,30.6,1.26
123.0,57.0,49.0,15.5,19.1,0.69269
973.0,77.0,63.0,8.7,37.6,0.43736
170.0,36.0,20.0,0.2,0.7,0.25
637.0,51.0,41.0,0.3,4.0,0.45
100.0,-38.0,-4.0,1.1,2.9,0.69
34.0,-91.0,-97.0,-49.9,-83.3,1.02
18.0,1.0,-4.0,-1.5,-2.5,1.2
-,-,-,,,1.02088
-,-,-,-1.0,-1.2,0.83
647.0,10.0,5.0,0.4,2.3,1.12
31.0,7.0,7.0,4.4,5.1,1.24
707.0,-63.0,-42.0,-10.2,-55.3,0.97
59.0,27.0,20.0,6.1,9.0,0.94
-,-,-,0.1,0.1,0.9
-,-,-,-0.1,-0.1,-0.03
-,-1,-,-1.0,-1.2,0.39
27.0,16.0,12.0,5.7,7.0,0.92
-,-,-,,,0.00302
-,-,-,0.6,0.7,0.04
-,-,-,-0.1,-0.1,0.02
-,-,-,,,0.07292
-,-,-,0.6,0.7,0.06
-,-,-,0.5,0.6,0.04804
-,-,-,0.2,0.2,0.07
-,-,-,0.0,0.0,-0.01
-,-,-,-1.0,-1.5,0.09566
-,-,-,,,0.17
-,-1,-,-1.2,-1.5,0.15
-,-,-,0.5,0.6,0.04967
-,-,-,,,0.13
-,-,-,,,0.00475
-,-,-,-0.5,-0.6,0.1
-,-,-,0.3,0.3,0.24
-,-,-,0.5,0.6,0.1
-,-,-,0.3,0.3,0.0269
-,-,-,,,0.01235
-,-,-,0.2,0.2,0.08394
-,-,-,-3.9,-4.7,0.04891
-,-,-,,,0.07761
-,-,-,0.4,0.4,0.15
-,-,-,0.3,0.3,0.0601
-,-,-,-0.6,-0.7,0.11
-,-,-,0.0,0.0,0.16
-,-,-,0.1,0.1,0.03895
-,-,-,-0.6,-0.7,0.28
-,-,-,0.3,0.4,0.66
-,-,-,0.5,0.5,0.73
-,-,-,,,0.0227
-,-,-,0.3,0.3,0.1
-,-,-,-0.2,-0.2,0.07
-,-,-,-0.3,-0.4,0.04784
-,-,-,-0.6,-0.7,0.18
-,-,-,0.2,0.2,0.04838
-,-,-,-0.7,-0.7,1.31
-,-1,-,-0.8,-1.0,0.15
-,-,-,0.1,0.1,0.16
-,-,-,-0.2,-0.2,0.05
-,-,-,,,0.2
-,-1,-,,,0.29
-,-,-,0.0,0.0,-0.06947
-,-,-,-0.1,-0.1,0.07822
-,-,-,-0.1,-0.1,1.06
-,-,-,0.3,0.4,0.01
-,-,-,0.5,0.5,0.25535
-,-,-,,,-0.06851
-,-,-,0.1,0.1,0.16
199053.0,23292.0,13385.0,7.7,22.2,1.37
114424.0,17220.0,10142.0,19.2,48.5,0.83
157540.0,12358.0,9574.0,5.8,31.2,0.78
72627.0,15277.0,9363.0,10.5,27.2,0.86
3275.0,193.0,54.0,-0.1,0.3,1.03
19535.0,489.0,118.0,4.4,9.8,0.61
2641.0,238.0,162.0,7.1,13.2,1.14
6692.0,215.0,74.0,4.8,11.6,0.65
724.0,-6.0,-69.0,-7.8,-31.3,1.18
15200.0,1714.0,4173.0,19.3,67.1,1.16
670.0,130.0,109.0,,,1.45357
790.0,107.0,78.0,19.6,30.9,0.16
117.0,-68.0,-74.0,-11.9,-25.5,1.16
149.0,13.0,13.0,-0.2,-0.3,1.37
106.0,-27.0,-50.0,-2.8,-3.2,0.37
705.0,-5.0,-107.0,-6.2,-42.3,0.7
1061.0,38.0,48.0,-0.3,-0.5,0.41
749.0,72.0,50.0,5.5,11.4,1.15
1501.0,217.0,147.0,11.2,27.0,0.66
285.0,-15.0,34.0,0.7,1.1,1.16
122.0,-22.0,-54.0,-11.5,-30.2,0.38
514.0,-19.0,-27.0,-3.8,-14.8,1.11
297.0,79.0,87.0,11.5,25.3,1.09955
4086.0,9.0,-30.0,0.7,1.9,0.52
655.0,-26.0,-665.0,-27.1,-67.2,0.57
1041.0,101.0,27.0,5.6,6.5,-0.08
3133.0,91.0,73.0,8.1,14.8,0.55
405.0,-3.0,1.0,2.3,2.4,0.3
33.0,-18.0,-10.0,-3.3,-5.4,0.97
44.0,3.0,4.0,1.3,1.5,1.0
45.0,6.0,-17.0,-1.9,-2.6,1.17
188.0,-4.0,-6.0,-0.2,-0.2,0.18
102.0,-12.0,-13.0,-9.1,-22.3,0.77
24.0,-2.0,-1.0,-2.1,-4.7,0.93
6.0,-7.0,-4.0,0.6,0.6,0.0
765.0,6.0,5.0,2.7,4.2,0.6
40.0,-15.0,-10.0,-5.0,-9.0,1.17
108186.0,5559.0,6328.0,4.6,7.7,1.22
50340.0,29371.0,29331.0,56.4,87.8,1.18
333273.0,35781.0,23668.0,6.1,18.3,1.2
38347.0,3283.0,-1245.0,-1.0,-6.8,1.37
17381.0,5005.0,4780.0,13.4,15.2,1.16
34214.0,7403.0,4493.0,7.1,27.2,0.87
6685.0,344.0,502.0,2.9,13.5,0.92
41886.0,-2651.0,-1056.0,-2.8,-7.2,1.15
24934.0,1535.0,1396.0,8.0,23.6,0.9
14261.0,-2557.0,-391.0,-2.2,-6.7,0.74
55794.0,1754.0,2249.0,4.1,9.2,1.09
68629.0,4485.0,3050.0,9.2,19.7,1.41
16711.0,1129.0,59.0,0.9,4.6,0.92
450.0,14.0,5498.0,33.2,69.0,0.89
9354.0,-66.0,375.0,-0.1,-0.1,1.08
7858.0,314.0,256.0,1.8,6.2,1.17
21660.0,-1083.0,-647.0,-3.1,-8.8,0.5
30479.0,1644.0,1796.0,4.2,12.1,1.15
21803.0,3050.0,1383.0,5.4,10.7,1.19
17559.0,1642.0,1822.0,3.2,6.9,1.19
6255.0,533.0,391.0,8.2,11.3,0.55
31369.0,1161.0,671.0,2.2,5.0,0.74
18770.0,1346.0,1160.0,4.9,9.9,1.27
50200.0,2894.0,2309.0,12.6,32.1,0.71
17222.0,2388.0,2248.0,10.9,19.7,1.09
110699.0,3206.0,2359.0,6.2,21.4,0.98
41200.0,1964.0,913.0,3.5,10.4,1.14
4903.0,472.0,442.0,6.1,21.0,0.89
103095.0,6880.0,2960.0,2.3,7.5,1.07
24409.0,865.0,484.0,4.2,13.3,1.12
5105.0,164.0,-464.0,-1.8,-3.1,1.02
4843.0,-116.0,797.0,5.4,14.2,0.92
8788.0,601.0,274.0,4.2,8.0,0.88
373.0,-16.0,-93.0,-2.2,-7.4,0.78
4863.0,520.0,390.0,1.3,2.9,0.52
15493.0,1395.0,-2129.0,-3.9,-90.3,0.83
11880.0,866.0,575.0,5.5,18.2,0.85
4021.0,418.0,243.0,6.2,7.6,0.9
11841.0,-995.0,-1761.0,-11.8,-70.9,1.15
9247.0,357.0,453.0,3.4,6.0,0.85
5401.0,272.0,83.0,1.4,4.7,0.81
1696.0,204.0,132.0,6.1,23.7,0.94
21437.0,377.0,261.0,1.2,4.6,0.66
6384.0,140.0,-80.0,0.2,0.2,1.11
5752.0,823.0,550.0,7.8,20.3,0.86
4999.0,22.0,10.0,3.1,6.4,0.68
681.0,-85.0,-140.0,,,1.47879
9595.0,667.0,672.0,-0.3,-0.6,1.16
1242.0,216.0,162.0,14.6,20.7,0.62
6839.0,794.0,385.0,2.3,12.2,1.01
3412.0,368.0,262.0,5.2,7.3,0.94
8751.0,367.0,170.0,3.8,10.4,0.97
140.0,-15.0,-36.0,2.8,3.5,1.17
43494.0,3679.0,-1349.0,-0.9,-8.8,0.82
2642.0,92.0,43.0,4.1,8.2,0.64
716.0,25.0,89.0,4.7,6.1,0.96
1865.0,-305.0,-311.0,-8.6,-41.9,0.66
1264.0,-151.0,-287.0,-19.4,-82.7,0.66
779.0,544.0,535.0,16.9,17.2,0.9
623.0,48.0,35.0,0.9,1.5,0.75
1130.0,-43.0,-68.0,0.4,0.8,0.83
9268.0,421.0,119.0,-0.3,-2.8,1.18
464.0,62.0,13.0,1.3,2.1,0.57
4291.0,687.0,673.0,7.0,16.9,0.88
641.0,102.0,66.0,5.2,7.8,0.96
4111.0,643.0,500.0,3.7,5.8,0.48
7149.0,326.0,208.0,2.0,5.7,0.76
671.0,87.0,98.0,11.7,13.2,0.77
565.0,119.0,124.0,8.1,8.9,1.02
6777.0,541.0,263.0,2.7,6.3,0.35
1262.0,-557.0,-563.0,-18.8,-151.8,0.76
9485.0,56.0,-475.0,-3.9,-11.9,1.01
417.0,53.0,45.0,3.5,7.0,0.08
156.0,-11.0,-5.0,-2.5,-3.1,0.91
3902.0,567.0,467.0,19.8,54.0,0.94
208.0,-20.0,54.0,6.0,12.3,1.09
13462.0,689.0,628.0,-0.2,-1.7,0.92
128.0,-4.0,-9.0,-1.6,-1.9,1.01
2782.0,259.0,184.0,4.7,10.5,1.23
57.0,-14.0,-20.0,-4.4,-5.3,0.81
839.0,-210.0,-850.0,-29.5,-533.1,0.66
512.0,104.0,102.0,8.0,8.7,0.8
225.0,148.0,120.0,22.5,27.9,0.45
405.0,25.0,25.0,7.2,6.8,0.75
406.0,135.0,92.0,18.9,23.2,0.47
8594.0,142.0,79.0,2.6,6.3,0.68
2783.0,413.0,237.0,2.0,4.4,0.97
546.0,56.0,50.0,11.6,17.8,0.94
15949.0,208.0,266.0,5.5,26.2,0.91
43.0,-41.0,-34.0,-12.9,-18.2,0.48
2881.0,139.0,75.0,0.3,0.8,1.07
4573.0,461.0,368.0,7.1,25.4,0.92
146.0,9.0,7.0,3.3,4.7,1.19639
3684.0,285.0,-272.0,2.1,4.9,0.88
33.0,2.0,2.0,2.1,2.8,0.75
163.0,-51.0,-52.0,-9.0,-17.4,0.52
50.0,-9.0,-7.0,-6.9,-10.3,0.84764
348.0,1.0,6.0,6.6,11.6,0.53
1751.0,129.0,65.0,0.3,0.7,0.94
14022.0,804.0,478.0,5.5,21.4,1.19
256.0,15.0,9.0,-0.3,-0.5,1.11
889.0,122.0,107.0,0.9,3.1,0.87
474.0,4.0,-7.0,-1.9,-4.5,0.9
212.0,48.0,58.0,14.0,29.2,0.92
4070.0,639.0,271.0,7.2,16.4,0.8
5491.0,203.0,122.0,2.1,6.0,0.69
4660.0,276.0,179.0,2.9,4.9,1.07
3415.0,175.0,186.0,7.3,10.1,1.32
183.0,-9.0,-21.0,-5.9,-12.0,1.26
1424.0,38.0,42.0,2.4,4.6,0.61
315.0,42.0,21.0,4.6,6.1,0.74
1918.0,42.0,-5.0,-0.5,-0.7,0.81
937.0,-295.0,-447.0,-20.0,-246.9,0.73
60.0,-7.0,-7.0,-2.2,-2.7,1.41
13699.0,199.0,193.0,4.3,18.5,0.87
1889.0,402.0,315.0,15.4,24.6,0.78
853.0,71.0,52.0,5.5,11.5,0.99
1281.0,106.0,79.0,6.3,8.3,0.75
2914.0,217.0,191.0,9.3,14.3,1.21
1092.0,148.0,171.0,4.2,17.3,0.74
1339.0,173.0,101.0,4.6,12.0,0.77
2047.0,136.0,114.0,4.6,14.0,0.77
524.0,-5.0,-11.0,1.4,2.5,1.24
320.0,-6.0,5.0,0.8,1.3,1.61
84.0,-6.0,-2.0,-0.3,-0.5,1.5309
3601.0,-3.0,-6.0,0.4,0.6,0.85
720.0,-77.0,-64.0,-2.4,-4.1,1.0
1701.0,-23.0,-13.0,0.4,4.6,0.62
94.0,22.0,-35.0,-8.6,-12.0,0.75
231.0,44.0,34.0,10.9,22.7,0.68
1619.0,122.0,91.0,11.0,21.6,0.89
71.0,2.0,4.0,2.6,4.4,1.2
1209.0,100.0,95.0,9.2,19.7,1.04
191.0,6.0,3.0,1.1,2.6,0.96
5309.0,721.0,854.0,4.6,7.4,0.59
1964.0,190.0,152.0,6.4,14.5,1.05
556.0,53.0,-182.0,-12.3,-29.0,0.89
2406.0,113.0,79.0,6.0,14.3,1.04
7505.0,167.0,86.0,2.2,7.7,1.13
437.0,15.0,-35.0,-2.7,-8.2,0.9
181.0,5.0,-1.0,2.1,3.5,0.42
876.0,149.0,116.0,9.8,11.3,0.42
144.0,28.0,21.0,8.4,16.8,0.45
1761.0,112.0,75.0,2.7,5.7,0.79
56.0,1.0,16.0,2.4,4.7,0.49
3690.0,439.0,380.0,37.7,85.9,1.09
12378.0,656.0,487.0,6.7,28.0,0.91
1339.0,76.0,47.0,2.9,5.5,1.09
3850.0,101.0,80.0,2.9,6.7,1.22
235.0,8.0,18.0,4.3,6.0,0.91
187.0,43.0,43.0,2.2,8.1,1.04
1030.0,104.0,-72.0,-1.9,-2.2,0.19
2599.0,75.0,61.0,2.3,2.7,1.11
303.0,79.0,52.0,6.3,9.5,0.86
391.0,2.0,-2.0,-0.9,-4.0,0.82
1893.0,38.0,7.0,0.9,3.4,1.1
138.0,44.0,50.0,13.0,14.3,1.26
56.0,-19.0,-58.0,-14.3,-23.5,0.85
46.0,-14.0,-52.0,-14.1,-27.3,0.88
738.0,38.0,23.0,0.3,0.3,0.41
147.0,8.0,-13.0,-1.5,-8.1,1.09
1512.0,56.0,88.0,5.1,11.8,0.82
1697.0,99.0,57.0,3.4,9.5,0.81
408.0,1.0,44.0,9.0,25.9,0.52
2072.0,103.0,66.0,4.2,17.4,1.06
3275.0,86.0,27.0,6.3,14.8,0.81
2990.0,273.0,117.0,1.4,8.3,0.89
863.0,164.0,173.0,10.3,14.4,1.07
144.0,-13.0,-255.0,-16.0,-23.6,1.14
259.0,24.0,13.0,,,1.27744
3516.0,55.0,33.0,1.1,4.4,1.27
2842.0,202.0,97.0,3.0,11.1,0.48
2113.0,120.0,94.0,4.1,8.0,0.95
131.0,10.0,13.0,2.1,2.8,0.86
594.0,13.0,17.0,3.2,9.9,0.84
204.0,4.0,-14.0,-4.3,-6.4,0.0
213.0,36.0,30.0,5.4,6.3,0.72
373.0,33.0,26.0,11.8,28.6,0.34
441.0,2.0,-6.0,-3.3,-7.2,0.96
1020.0,64.0,47.0,5.6,8.2,1.17
1480.0,122.0,154.0,10.4,11.0,0.59
3067.0,37.0,20.0,3.0,8.1,1.2
1078.0,70.0,54.0,3.7,7.0,1.2
112.0,-18.0,-1.0,0.8,0.8,1.05
735.0,30.0,-30.0,0.5,0.9,0.87
762.0,38.0,42.0,4.4,8.5,0.88
7113.0,827.0,622.0,13.6,30.6,0.9
1385.0,-84.0,7.0,2.7,5.5,0.67
77.0,3.0,5.0,6.7,7.6,1.39
1174.0,-11.0,-8.0,-7.1,-65.3,0.69
4455.0,23.0,-142.0,-1.9,-11.1,0.37
2661.0,151.0,67.0,0.4,3.0,0.55
218.0,13.0,-19.0,-1.7,-1.5,0.88
290.0,86.0,72.0,17.8,23.6,0.39
611.0,2.0,8.0,2.9,7.6,1.55
1296.0,64.0,30.0,1.0,10.0,0.82
309.0,-2.0,2.0,3.1,5.3,1.1
261.0,5.0,4.0,1.3,2.4,1.08
361.0,49.0,61.0,7.8,18.5,0.56
184.0,8.0,11.0,4.9,7.0,0.95
3774.0,137.0,62.0,4.1,15.4,0.94
61.0,-6.0,-107.0,-19.1,-28.2,0.56
1591.0,38.0,39.0,3.4,5.2,0.62
1027.0,133.0,136.0,14.2,17.7,0.64
548.0,39.0,25.0,3.7,10.6,1.01
405.0,197.0,148.0,24.9,31.6,0.27
229.0,47.0,36.0,8.6,14.8,1.02
6171.0,-74.0,-80.0,0.7,5.9,0.73
317.0,24.0,-87.0,-5.0,-9.9,0.83
2343.0,87.0,33.0,2.7,8.2,0.56
1612.0,19.0,19.0,2.8,7.5,1.53
1833.0,46.0,54.0,2.1,2.5,0.81
126.0,13.0,11.0,6.7,18.4,0.68
856.0,33.0,28.0,7.6,14.0,0.64
856.0,59.0,81.0,4.4,3.0,1.15
287.0,-14.0,-1.0,-5.2,-14.2,0.7
719.0,44.0,49.0,5.4,10.6,0.93
218.0,131.0,103.0,38.1,47.6,0.26
1346.0,234.0,235.0,5.7,10.7,1.12
275.0,29.0,23.0,9.4,10.8,0.32
295.0,8.0,5.0,1.9,3.6,0.84
370.0,9.0,61.0,6.0,16.4,1.47
2710.0,72.0,59.0,5.1,11.3,0.84
1049.0,6.0,-12.0,-1.0,-3.0,0.9
1345.0,64.0,47.0,6.3,11.9,0.8
795.0,6.0,11.0,3.2,4.5,1.03
384.0,87.0,74.0,10.9,25.7,0.63
141.0,16.0,-418.0,-39.8,-58.9,1.17
30.0,-25.0,-49.0,-19.4,-40.1,1.05
2653.0,117.0,104.0,13.1,42.4,1.46
999.0,11.0,16.0,2.3,7.7,1.17
1005.0,46.0,36.0,2.5,5.3,0.55
517.0,-35.0,-27.0,-4.9,-11.1,1.27
414.0,3.0,40.0,4.4,9.6,0.76
884.0,31.0,53.0,5.5,8.7,0.93
547.0,-11.0,-4.0,-1.2,-2.5,0.62
590.0,84.0,42.0,6.4,12.7,1.19
172.0,-16.0,10.0,0.0,0.0,0.84
617.0,16.0,208.0,12.1,29.6,0.55
3643.0,110.0,119.0,13.4,34.4,0.68
3960.0,56.0,59.0,1.9,7.4,1.08
827.0,79.0,2.0,2.8,6.0,1.02
423.0,31.0,39.0,10.0,12.1,0.95
445,10,-,0.4,0.7,0.75
284.0,33.0,36.0,4.0,6.3,1.09
162.0,-7.0,10.0,-0.1,-1.2,1.07
227.0,34.0,27.0,4.9,10.3,1.3
910.0,70.0,53.0,7.0,10.6,1.17
84,3,-,3.7,5.6,1.23
390.0,15.0,-18.0,0.6,1.8,1.05
818.0,-11.0,-10.0,-4.9,-11.0,1.36
117.0,-16.0,-20.0,-7.1,-22.5,0.95
423.0,13.0,51.0,3.2,4.4,0.7
696.0,80.0,98.0,9.8,31.3,0.7
734.0,48.0,53.0,9.0,19.4,0.89
82.0,-69.0,-84.0,-22.6,-31.8,0.61
2723.0,111.0,94.0,2.3,2.1,0.75
1247.0,56.0,35.0,7.7,19.8,0.64
27.0,-13.0,48.0,3.8,6.9,0.64
1825.0,31.0,26.0,3.7,6.4,0.94
492,1,-,0.4,0.6,1.01
347.0,-19.0,-9.0,-1.9,-2.2,0.85
60.0,-20.0,-20.0,-11.2,-16.0,1.13
532.0,62.0,36.0,6.3,15.1,1.2
4392.0,-50.0,10.0,1.1,2.8,1.1
153.0,21.0,23.0,6.4,7.2,0.95
211.0,48.0,34.0,5.7,6.2,0.8
228.0,-13.0,-29.0,-5.0,-7.8,0.88
715.0,-5.0,-1.0,0.4,0.9,0.73
507.0,-57.0,-55.0,-15.8,-33.8,1.35
22.0,-10.0,-10.0,-12.4,-17.3,0.78
983.0,22.0,26.0,-0.8,-1.0,0.85
189,-19,-5,-2.8,-3.5,1.01
197.0,27.0,61.0,11.8,20.1,0.62
327.0,9.0,-6.0,0.6,1.0,1.01
379.0,17.0,15.0,2.7,3.3,1.08
2483.0,94.0,65.0,6.7,13.8,0.52
574.0,5.0,7.0,-0.4,-1.2,0.91
147.0,53.0,35.0,21.4,28.1,0.76
3900.0,102.0,60.0,2.7,7.2,0.76
159.0,10.0,8.0,1.1,1.5,1.18
914.0,9.0,-133.0,-6.9,-56.4,1.03
234.0,-19.0,-33.0,-0.7,-1.1,0.79
654.0,4.0,2.0,0.3,0.7,0.77
610.0,5.0,4.0,-0.4,-0.5,1.27
222.0,19.0,16.0,5.1,6.0,0.95
245.0,5.0,1.0,3.3,4.7,1.03
143.0,18.0,18.0,3.8,4.9,1.17
115.0,-6.0,6.0,7.3,9.1,0.62
174.0,5.0,2.0,3.9,5.5,0.84
167.0,18.0,14.0,4.0,6.6,0.96
1068.0,23.0,25.0,2.7,9.3,1.2
269.0,27.0,29.0,5.4,10.6,0.66
1875.0,9.0,83.0,9.8,21.7,1.36
452.0,12.0,18.0,3.2,4.1,0.78
216.0,15.0,38.0,5.6,6.6,0.9
598.0,27.0,44.0,3.6,5.0,0.49
745.0,19.0,7.0,1.5,3.5,0.9
477.0,63.0,49.0,8.6,10.5,0.83
1323.0,94.0,10.0,2.2,4.8,1.15
634.0,101.0,63.0,5.1,14.9,0.62
321.0,18.0,20.0,5.8,7.6,1.18
310.0,27.0,26.0,8.6,11.7,1.3
35.0,6.0,3.0,0.6,0.7,1.04
570.0,17.0,10.0,2.4,7.5,0.83
35.0,8.0,10.0,12.4,20.3,1.39
148.0,32.0,28.0,9.3,10.4,0.77
111.0,6.0,108.0,5.5,7.0,1.3
519.0,7.0,-1.0,-3.1,-4.9,0.8
251.0,27.0,24.0,4.8,8.3,1.24
123.0,-2.0,-17.0,-5.1,-12.6,0.7
364.0,14.0,3.0,2.2,2.6,1.42
177.0,28.0,18.0,5.7,8.5,0.97
2219.0,60.0,32.0,3.0,11.5,1.05
67.0,6.0,4.0,0.7,0.9,0.22
808.0,21.0,169.0,8.7,13.7,0.83
145.0,9.0,8.0,6.2,11.7,0.56
140.0,5.0,5.0,0.8,1.8,0.5
1914.0,117.0,147.0,11.0,20.8,0.9
201.0,-19.0,-13.0,-2.0,-2.4,0.73
362.0,28.0,26.0,3.9,4.2,0.79
151.0,1.0,2.0,2.2,2.6,1.21
119.0,5.0,4.0,3.2,3.7,1.18
224.0,1.0,-2.0,-0.4,-1.7,1.09
196.0,17.0,16.0,3.3,3.5,1.13
77.0,-17.0,-58.0,-2.0,-2.2,0.32
206.0,16.0,5.0,2.8,4.4,0.64
607.0,3.0,11.0,5.7,8.6,0.47
79.0,5.0,5.0,4.4,4.8,1.07
330.0,12.0,14.0,1.6,4.5,0.96
123.0,-2.0,-33.0,-15.1,-64.9,0.88
170.0,18.0,8.0,3.2,6.7,1.28
133.0,9.0,10.0,3.0,5.1,1.3
34.0,-6.0,863.0,69.8,94.8,0.76
231.0,-1.0,-2.0,0.0,0.1,1.03
159.0,9.0,7.0,3.5,12.4,0.91
2959.0,-10.0,102.0,3.2,32.8,0.69
259.0,-36.0,-28.0,-3.6,-25.0,1.46
54.0,11.0,13.0,3.3,3.7,1.03
187.0,-16.0,-5.0,-9.2,-19.9,0.77
247.0,10.0,8.0,2.2,3.7,1.4
299.0,26.0,20.0,7.0,14.7,0.97
265.0,-28.0,-23.0,-8.3,-17.3,0.43
59.0,4.0,10.0,6.2,19.1,0.4
958.0,46.0,21.0,3.3,5.4,0.8
79.0,3.0,4.0,1.2,1.3,1.51
56.0,3.0,38.0,10.0,10.7,0.79
210.0,-16.0,-18.0,-5.3,-6.2,0.47
38.0,-4.0,-3.0,-2.0,-2.3,1.39
76.0,-13.0,-8.0,-9.2,-11.5,0.82
160.0,5.0,9.0,1.9,2.6,0.71
93.0,-18.0,1.0,-13.0,-24.4,0.32
420.0,8.0,18.0,3.5,7.6,0.87
155280.0,-65163.0,-48358.0,-10.0,-36.7,0.59
88529.0,2894.0,1514.0,4.0,19.0,0.61
3856.0,285.0,245.0,6.3,8.1,0.42
1100.0,56.0,51.0,1.0,1.3,0.55
1986.0,27.0,30.0,4.0,8.0,0.06
10351.0,300.0,241.0,4.2,11.4,0.28
19066.0,570.0,118.0,5.7,14.2,0.57
936.0,75.0,76.0,14.1,26.3,0.77
21200.0,596.0,73.0,3.2,10.0,0.55
2294.0,-11.0,23.0,3.3,4.9,0.25
1572.0,29.0,23.0,4.1,8.9,0.23
337.0,14.0,18.0,6.7,14.0,0.2
5448.0,-1108.0,-1065.0,-7.0,-26.4,0.29
2446.0,31.0,40.0,1.6,3.2,0.18
4774.0,116.0,98.0,5.8,12.8,0.37
2171.0,62.0,-25.0,1.4,7.5,0.58
1267.0,52.0,66.0,6.8,13.0,0.17
14175.0,3276.0,3388.0,10.2,13.1,0.32
75166.0,5043.0,2527.0,3.6,11.7,0.87
6274.0,897.0,709.0,9.2,12.4,0.8
36541.0,1749.0,1690.0,2.7,5.5,0.97
6478.0,624.0,396.0,4.4,13.9,0.58
7562.0,43.0,280.0,4.1,5.5,0.47
1501.0,106.0,299.0,8.4,9.1,0.68
7622.0,638.0,415.0,4.3,11.1,0.56
7893.0,477.0,307.0,6.5,11.1,0.5
2553.0,273.0,276.0,11.9,22.9,0.57
10263.0,486.0,287.0,3.8,9.3,0.82
83.0,-58.0,-161.0,-55.3,-79.8,0.76
117.0,-30.0,-49.0,-11.0,-14.0,0.13
368.0,-3.0,-16.0,-2.3,-4.4,0.81
6337.0,717.0,564.0,4.9,4.1,0.65
36416.0,3141.0,2104.0,5.1,12.2,0.66
8628.0,509.0,390.0,4.0,7.7,0.83
5678.0,250.0,300.0,1.9,4.5,0.48
8563.0,943.0,802.0,8.6,16.8,0.69
7209.0,346.0,242.0,4.7,22.4,0.62
3644.0,211.0,139.0,3.9,5.5,0.37
7059.0,157.0,44.0,0.4,4.8,0.64
4156.0,138.0,-17.0,1.5,2.9,0.43
9642.0,224.0,146.0,3.7,8.8,0.68
7351.0,593.0,317.0,3.0,6.2,1.02
1155.0,19.0,51.0,3.6,8.5,1.1
8149.0,235.0,160.0,3.9,13.9,0.49
3407.0,151.0,108.0,2.4,3.4,0.59
3511.0,181.0,228.0,-2.1,-6.6,0.42
6891.0,342.0,204.0,3.7,7.1,0.72
1043.0,1.0,-33.0,-5.1,-14.7,0.76
3485.0,154.0,84.0,0.7,1.8,0.38
5419.0,315.0,56.0,3.1,8.8,0.85
2347.0,-199.0,-118.0,-6.0,-6.9,0.8
1746.0,157.0,122.0,3.7,4.8,0.43
1783.0,203.0,218.0,6.4,13.4,1.02
12944.0,503.0,503.0,4.1,12.2,0.78
386.0,42.0,22.0,6.7,20.0,0.95
524.0,5.0,-2.0,6.7,18.5,0.77
1698.0,73.0,-17.0,-0.3,-0.6,0.57
4915.0,344.0,259.0,6.3,15.8,0.88
65.0,-25.0,-25.0,-9.0,-15.3,1.22
154.0,1.0,-1.0,-0.3,-0.7,0.92
3460.0,197.0,34.0,1.5,6.0,0.53
173.0,-18.0,-14.0,-24.9,-99.5,0.81
4766.0,137.0,-230.0,-4.7,-20.4,0.94
663.0,5.0,-33.0,-0.9,-2.2,0.72
206.0,-2.0,2.0,0.4,0.6,0.77
393.0,31.0,-189.0,-7.6,-9.9,0.68
6444.0,660.0,372.0,3.5,13.4,0.74
274.0,28.0,-2.0,2.9,4.0,0.58
798.0,30.0,33.0,0.2,1.7,0.61
188.0,28.0,-49.0,-0.9,-1.0,0.51
120.0,11.0,10.0,4.9,6.1,0.85
722.0,219.0,198.0,9.7,17.2,0.69
876.0,23.0,29.0,6.2,9.4,0.73
288.0,7.0,6.0,2.6,3.3,0.95
327.0,4.0,9.0,4.1,8.1,0.77
220.0,6.0,4.0,2.8,4.3,1.07
365.0,7.0,9.0,2.6,2.4,0.87
510.0,78.0,60.0,11.2,12.1,1.05
1197.0,94.0,193.0,6.5,8.1,0.59
409.0,44.0,86.0,12.2,16.2,0.78
1424.0,53.0,22.0,1.5,3.8,0.58
1323.0,9.0,4.0,5.6,7.9,0.57
252.0,41.0,31.0,8.9,10.1,0.16
283.0,51.0,57.0,7.7,16.5,1.15
195.0,32.0,26.0,11.8,14.3,0.22
172,-,-13,-2.4,-6.7,1.06
65.0,2.0,7.0,2.5,3.0,0.54
217.0,-2.0,2.0,-2.3,-3.8,0.77
201.0,-28.0,20.0,-2.0,-1.4,1.14
64.0,-17.0,-23.0,-11.5,-51.7,1.1
179.0,4.0,1.0,2.1,3.6,1.22
272.0,8.0,8.0,1.8,4.6,0.51
2368.0,92.0,-40.0,4.8,8.8,0.68
84.0,15.0,10.0,3.9,7.0,0.94
876.0,24.0,29.0,4.4,5.3,0.6
531.0,86.0,62.0,11.2,22.1,0.99
1005.0,44.0,-55.0,12.2,23.9,0.73
548.0,38.0,26.0,3.4,4.9,0.8
1463.0,9.0,-9.0,-1.4,-3.0,0.65
121.0,16.0,13.0,3.1,4.3,0.67
556,-,-8,-1.5,-2.2,0.64
4865.0,203.0,-4.0,1.3,1.8,0.4
210.0,6.0,4.0,3.3,5.9,0.93
775.0,52.0,25.0,2.9,5.9,0.37
795.0,51.0,73.0,4.7,7.5,0.74
850.0,53.0,52.0,5.5,8.3,0.5
425.0,20.0,14.0,3.6,6.1,1.32
480.0,33.0,37.0,9.1,17.7,0.59
162.0,7.0,-2.0,-1.5,2.1,0.54
402,-,-11,-2.6,-8.8,0.82
257.0,5.0,-29.0,-5.1,-13.0,0.73
490.0,71.0,49.0,10.1,16.0,0.81
315.0,98.0,71.0,3.8,13.5,0.39
242.0,38.0,28.0,6.5,8.7,0.81
34.0,-4.0,-5.0,-1.9,-2.6,0.96
487.0,22.0,26.0,3.1,3.9,0.51
426.0,17.0,44.0,0.7,0.7,0.53
170.0,29.0,24.0,32.3,45.6,1.5
703.0,20.0,9.0,2.0,8.8,1.07
202.0,6.0,1.0,1.4,4.2,1.59
122399.0,8785.0,7183.0,5.1,10.2,1.05
230101.0,20982.0,17989.0,7.7,12.7,0.99
33891.0,2778.0,2445.0,3.3,8.0,1.12
28513.0,3812.0,3232.0,9.2,11.7,0.67
8032.0,552.0,464.0,3.9,6.4,0.91
55110.0,-214.0,362.0,1.3,2.0,1.01
73810.0,8221.0,5666.0,5.6,11.2,1.29
12318.0,1699.0,1024.0,6.8,11.7,0.74
10768.0,1094.0,1197.0,6.0,14.9,0.88
22439.0,3540.0,2869.0,16.6,25.4,1.16
10551.0,1810.0,1476.0,9.5,17.4,1.01
2307.0,604.0,501.0,15.5,24.6,0.87
1193.0,108.0,61.0,7.9,13.8,0.91
6863.0,1295.0,292.0,4.4,5.3,0.68
5013.0,872.0,603.0,5.5,8.0,0.57
14698.0,590.0,-297.0,1.5,3.5,1.23
10248.0,976.0,579.0,8.5,31.5,1.33
23133.0,2937.0,1488.0,13.0,28.9,1.5
13883.0,885.0,442.0,4.6,10.1,1.2
1497.0,306.0,214.0,21.3,39.4,0.71
136.0,18.0,22.0,14.1,19.9,0.48
208.0,47.0,65.0,12.3,14.4,1.04
470.0,81.0,70.0,11.3,22.9,1.33
1877.0,169.0,120.0,6.4,13.5,1.25
11608.0,896.0,677.0,6.7,12.9,1.13
751.0,129.0,128.0,10.1,15.3,0.75
4110.0,654.0,601.0,15.1,20.0,0.93
2883.0,309.0,216.0,10.3,13.8,0.85
5109.0,155.0,176.0,4.8,18.9,1.18
6919.0,-430.0,-290.0,-2.2,-2.6,1.09
4415.0,467.0,386.0,9.2,17.3,0.57
10758.0,1230.0,689.0,9.5,22.6,1.15
7664.0,-681.0,-877.0,-8.7,-62.9,1.29
3427.0,543.0,387.0,13.8,28.0,1.07
1375.0,28.0,27.0,0.0,0.1,1.51
606.0,38.0,22.0,2.8,7.3,0.99
6364.0,568.0,421.0,9.2,17.1,0.84
10344.0,1485.0,1134.0,12.4,22.2,0.96
3783.0,295.0,218.0,4.7,10.6,1.32
1756.0,217.0,177.0,9.2,16.8,1.31
6387.0,569.0,371.0,5.0,14.4,0.51
11001.0,1259.0,4064.0,28.4,145.5,1.57
1170.0,222.0,213.0,19.3,24.2,0.37
329.0,94.0,51.0,14.1,35.7,1.22
11526.0,635.0,582.0,5.0,10.2,1.09
173.0,18.0,6.0,1.3,2.4,1.32
1066.0,58.0,16.0,1.3,2.8,0.72
6186.0,235.0,230.0,12.7,23.9,0.63
291.0,-17.0,-11.0,-4.9,-10.5,0.94
4808.0,683.0,553.0,15.4,27.9,0.98
1323.0,230.0,203.0,14.0,17.1,0.98
152.0,1.0,3.0,3.3,5.8,0.63
1406.0,101.0,84.0,7.8,9.2,0.17
654.0,3.0,129.0,12.4,18.3,0.82
7072.0,-79.0,131.0,2.2,2.7,0.76
1526.0,54.0,14.0,3.6,10.4,0.93
1868.0,117.0,92.0,4.9,7.8,1.31
503.0,95.0,73.0,13.8,19.0,0.6
1759.0,277.0,228.0,18.8,25.2,0.38
2040.0,55.0,940.0,32.6,53.1,1.18
1709.0,193.0,216.0,7.3,11.4,0.55
2612.0,308.0,277.0,10.9,14.7,0.7
2408.0,719.0,529.0,14.2,21.3,1.07
6635.0,927.0,302.0,11.8,20.5,1.18
6394.0,606.0,414.0,7.0,7.6,0.79
5497.0,364.0,316.0,6.2,9.2,0.57
97.0,-7.0,-37.0,-4.4,-6.0,0.53
1155.0,117.0,86.0,5.9,12.5,0.64
2911.0,124.0,78.0,3.9,12.6,0.96
926.0,45.0,39.0,10.4,14.9,0.65
2895.0,443.0,56.0,6.3,7.8,0.65
799.0,55.0,49.0,6.7,13.3,1.54
566.0,33.0,32.0,1.8,1.8,1.06
1199.0,-22.0,-6.0,1.2,1.4,0.67
1924.0,164.0,59.0,5.1,13.1,0.91
1289.0,40.0,104.0,7.3,9.5,0.51
365.0,24.0,42.0,3.3,4.5,0.84
1073.0,341.0,317.0,10.7,12.7,0.68
1599.0,112.0,38.0,2.5,7.8,1.07
2966.0,183.0,159.0,4.3,7.6,0.41
1351.0,100.0,124.0,8.1,10.0,0.73
1316.0,115.0,85.0,8.7,14.3,1.05
745.0,42.0,58.0,7.8,11.9,0.73
5417.0,722.0,531.0,4.9,8.5,0.7
3775.0,302.0,218.0,9.8,16.8,1.1
661.0,23.0,10.0,1.7,3.7,0.79
561.0,63.0,49.0,6.4,12.3,1.18
1175.0,79.0,207.0,8.4,10.2,0.67
1805.0,111.0,88.0,1.8,4.0,0.77
610.0,-15.0,-22.0,-1.2,-1.6,0.6
2853.0,188.0,132.0,4.0,5.7,0.75
1338.0,-355.0,-370.0,-30.7,-118.6,0.9
3781.0,254.0,182.0,12.5,22.5,0.74
414.0,-15.0,-7.0,1.8,2.3,0.9
107.0,11.0,14.0,8.2,19.2,0.87
1445.0,95.0,75.0,14.2,29.4,0.72
1339.0,90.0,128.0,10.5,19.5,0.44
1301.0,100.0,89.0,5.8,7.1,0.67
708.0,88.0,93.0,21.7,34.4,0.65
666.0,83.0,64.0,11.1,16.7,0.96
5358.0,783.0,137.0,6.0,6.7,0.59
412.0,33.0,6.0,3.4,7.4,0.63
118.0,38.0,-21.0,1.7,2.2,1.04
826.0,46.0,36.0,3.8,5.4,0.77
2388.0,136.0,47.0,4.5,6.0,0.55
1610.0,56.0,14.0,1.3,3.5,0.88
614.0,38.0,29.0,3.8,4.6,0.94
359.0,-2.0,-8.0,0.0,6.2,1.19
60.0,-8.0,-6.0,1.1,1.8,1.03
1151.0,131.0,93.0,3.1,5.8,0.47
132.0,18.0,20.0,9.5,17.4,1.40746
502.0,38.0,32.0,13.1,26.0,0.34
619.0,76.0,66.0,7.6,11.3,0.84
695.0,100.0,89.0,17.6,21.7,0.41
2043.0,167.0,102.0,6.5,9.1,0.4
2098.0,43.0,16.0,2.9,6.8,0.73
240.0,31.0,40.0,9.3,11.2,1.15
97.0,-14.0,-3.0,-1.7,-2.2,1.39
9799.0,138.0,-75.0,-2.4,-7.3,0.72
3691.0,5.0,87.0,3.1,9.5,1.27
843.0,54.0,45.0,9.4,15.9,0.9
648.0,63.0,15.0,10.3,23.2,1.42
591.0,12.0,-171.0,14.6,24.3,0.6
2062.0,49.0,153.0,4.3,8.1,0.23
1015.0,92.0,68.0,8.4,15.0,1.15
1985.0,111.0,76.0,4.4,6.2,0.67
31.0,14.0,14.0,18.1,20.5,1.12
1490.0,196.0,186.0,9.3,12.5,0.89
853.0,156.0,107.0,10.1,12.7,1.12
173.0,1.0,8.0,-0.8,0.2,0.71
691.0,34.0,26.0,6.1,9.5,1.5
11.0,-4.0,8.0,5.1,8.4,1.27
967.0,28.0,24.0,2.1,3.0,0.97
2130.0,137.0,193.0,9.6,29.8,0.57
472.0,28.0,31.0,4.5,10.2,0.74
141.0,18.0,3.0,6.0,6.9,1.25
5428.0,-48.0,-25.0,-0.2,-9.2,0.9
195.0,2.0,6.0,3.7,4.7,1.07069
896.0,90.0,70.0,7.4,9.2,0.68
224.0,34.0,27.0,9.7,11.4,1.24
848.0,152.0,109.0,12.4,29.2,1.16
177.0,25.0,40.0,9.2,10.1,0.9
679.0,-8.0,-15.0,2.5,2.7,0.81
282.0,65.0,54.0,16.4,20.1,0.64
3030.0,168.0,-180.0,5.5,5.0,0.57
1149.0,90.0,69.0,6.0,16.0,1.75
3206.0,217.0,121.0,0.8,0.7,1.11
1076.0,15.0,12.0,6.0,10.6,1.26
210.0,15.0,11.0,5.6,9.1,0.94
2644.0,119.0,80.0,3.3,6.9,0.62
214.0,8.0,-41.0,-11.1,-20.0,0.24
685.0,21.0,28.0,5.8,7.3,0.88
447,-,40,11.1,16.5,1.25
10.0,-44.0,-38.0,0.4,0.7,0.99
285.0,27.0,21.0,3.6,5.5,0.75
385.0,20.0,8.0,12.5,17.6,0.61
592.0,48.0,46.0,11.3,13.8,0.23
105.0,11.0,9.0,3.0,8.7,1.04
17390.0,936.0,806.0,4.9,11.1,0.65
1095.0,64.0,21.0,16.5,27.8,0.74
1215.0,80.0,30.0,2.2,16.6,0.52
606.0,32.0,-4.0,1.5,2.9,0.89
431.0,24.0,21.0,5.6,7.8,0.68
621.0,24.0,21.0,6.0,11.9,0.48
140.0,26.0,22.0,4.5,5.4,0.37
110.0,18.0,19.0,7.6,10.5,0.58
244.0,5.0,7.0,2.2,2.5,0.77
781.0,-5.0,90.0,7.5,17.1,1.31
600.0,44.0,34.0,5.4,10.6,0.73
356.0,17.0,14.0,3.7,8.0,0.61
276.0,10.0,15.0,5.1,9.7,0.91
393.0,20.0,75.0,4.0,4.9,0.62
795.0,18.0,20.0,8.6,10.4,0.81
539.0,5.0,-13.0,-1.3,-3.2,1.25
525.0,18.0,21.0,7.9,9.9,0.91
9.0,-14.0,-10.0,-12.8,-35.0,0.73
779.0,31.0,34.0,6.2,9.1,1.06
797.0,34.0,6.0,14.0,22.4,0.86
457.0,-30.0,-23.0,-1.5,-2.2,1.09
414.0,15.0,18.0,1.7,2.9,0.18
575.0,44.0,13.0,15.3,33.2,0.48
310.0,20.0,24.0,6.0,10.0,0.72
197.0,-2.0,18.0,5.0,8.3,0.93
654.0,44.0,38.0,9.9,15.2,0.97
495.0,73.0,60.0,9.0,11.3,0.99
975.0,65.0,-7.0,-1.7,-15.9,1.02
635.0,13.0,23.0,1.2,3.0,0.66
428.0,44.0,37.0,5.2,10.8,0.95
205.0,-7.0,-3.0,-0.6,-0.2,1.0
143.0,12.0,17.0,11.0,17.5,0.88
121.0,6.0,8.0,5.2,8.2,0.34
1171.0,16.0,53.0,3.3,10.1,0.51
93.0,5.0,-7.0,-2.2,-3.6,1.53
99,-,-,-1.2,-2.4,0.94
1208.0,20.0,56.0,1.7,4.1,0.71
989.0,53.0,34.0,5.0,9.2,0.96
948.0,72.0,55.0,7.8,14.1,1.16
582.0,29.0,24.0,6.2,7.2,1.08
290.0,19.0,9.0,-6.8,-18.4,0.02
64.0,11.0,9.0,9.1,12.1,1.28
397.0,14.0,24.0,0.5,0.6,1.41
46.0,-14.0,-34.0,-11.6,-12.1,0.93
331.0,3.0,2.0,0.7,0.8,1.53
19,-10,-,-12.3,-26.4,0.53
442.0,43.0,34.0,6.2,8.7,0.56
257.0,26.0,30.0,11.2,13.1,0.83
72.0,-5.0,-4.0,-4.0,-5.4,0.82
452.0,15.0,10.0,1.9,2.4,1.02
598.0,11.0,12.0,0.2,-0.3,0.55
1014.0,10.0,213.0,45.6,83.8,1.07
579.0,27.0,20.0,5.3,9.4,0.82
51.0,4.0,6.0,4.3,4.8,0.99
461.0,49.0,85.0,7.0,7.4,0.66
211.0,14.0,10.0,5.6,6.4,0.44
39.0,1.0,1.0,0.0,0.0,0.0
126.0,2.0,8.0,10.1,12.4,0.62
207.0,25.0,24.0,7.5,9.1,1.04
186.0,6.0,3.0,4.9,8.6,1.12
258.0,58.0,46.0,21.5,26.8,1.25
288.0,20.0,41.0,9.4,15.2,0.35
762.0,11.0,9.0,3.3,9.3,1.25
137,1,-,7.6,13.5,1.17
365.0,39.0,31.0,13.0,23.8,0.8
163.0,10.0,18.0,6.3,14.2,0.61
236.0,-15.0,-11.0,-1.9,-3.4,0.85
214.0,7.0,14.0,6.0,7.0,0.61
103.0,7.0,15.0,7.3,13.7,0.56
159.0,15.0,23.0,7.2,9.2,0.66
154.0,4.0,3.0,0.8,1.3,0.5
73.0,4.0,56.0,14.2,33.8,0.64
772036.0,140970.0,110988.0,10.3,14.4,1.06
138110.0,41926.0,28768.0,9.7,15.1,1.43
47408.0,4290.0,4092.0,5.7,9.9,1.2
50706.0,1956.0,899.0,2.1,4.8,1.02158
194640.0,7923.0,3380.0,6.4,15.2,1.49
24556.0,3601.0,2828.0,11.7,17.1,1.33
37026.0,2899.0,2063.0,12.0,26.5,1.12
8628.0,613.0,656.0,13.7,30.6,1.29
11871.0,1029.0,778.0,9.5,21.2,1.02
45952.0,2700.0,2725.0,8.7,12.5,1.2
56073.0,-4883.0,-3820.0,-1.7,-5.9,0.95
1341.0,-125.0,-57.0,-0.1,1.3,0.52
15290.0,5093.0,4938.0,7.8,8.0,1.07
4357.0,2132.0,1609.0,37.7,50.9,1.12
1884.0,252.0,65.0,3.3,4.8,0.74
1389.0,-124.0,-218.0,-0.9,-1.3,1.09
914.0,413.0,365.0,27.4,31.3,0.71
741.0,8.0,1.0,-0.8,-1.1,1.28
3587.0,487.0,379.0,11.9,26.0,1.33
5992.0,1096.0,830.0,28.9,42.4,0.89
586.0,51.0,31.0,3.6,8.3,1.05
3430.0,619.0,548.0,17.8,25.3,0.96
658.0,120.0,144.0,9.6,16.4,0.95
1998.0,185.0,244.0,7.6,11.3,1.21
2728.0,553.0,498.0,23.4,28.4,1.02
18.0,-49.0,-48.0,-41.2,-52.2,0.43
399.0,-127.0,-54.0,-8.6,-12.4,1.05
908.0,225.0,215.0,9.0,32.3,0.82
4414.0,200.0,93.0,4.7,14.2,0.86
3391.0,241.0,329.0,15.1,27.9,0.95
515.0,100.0,91.0,,,1.28674
652.0,95.0,141.0,13.4,17.4,0.94
4774.0,1147.0,848.0,29.1,65.3,0.98
328.0,74.0,86.0,5.7,16.3,0.52
6302.0,287.0,223.0,3.5,5.6,1.23
749.0,122.0,78.0,3.9,7.1,0.53
1222.0,310.0,254.0,15.6,18.2,1.05
401.0,-411.0,-409.0,-16.9,-42.2,0.57
2162.0,541.0,458.0,31.9,51.6,1.53
1190.0,346.0,288.0,14.6,27.5,1.36
2422.0,360.0,183.0,9.2,18.6,1.01
849.0,336.0,259.0,24.1,27.4,0.88
5113.0,52.0,-53.0,-0.6,-1.4,0.44
1232.0,439.0,368.0,25.6,31.7,1.19
542.0,37.0,3.0,-2.9,-3.6,0.7
2809.0,42.0,141.0,7.7,13.8,0.94
1429.0,322.0,346.0,24.9,35.8,0.86
237.0,-4.0,17.0,0.7,0.6,0.98
2936.0,37.0,90.0,1.0,5.9,0.91
1229.0,-76.0,-15.0,-0.9,2.2,0.69
165.0,1.0,28.0,4.7,6.7,0.48
1922.0,359.0,316.0,12.6,25.9,1.3
228.0,9.0,-11.0,-2.3,-2.6,0.71
1151.0,124.0,130.0,14.6,24.5,0.98
547.0,226.0,210.0,23.2,28.6,1.13
1117.0,-9.0,399.0,12.9,28.2,1.72
393.0,109.0,99.0,12.3,14.5,1.1
66.0,-7.0,-920.0,-18.9,-27.0,0.56
1864.0,211.0,179.0,10.3,15.9,1.41
762.0,60.0,82.0,16.6,20.3,1.15
1921.0,-23.0,-279.0,-3.3,-8.5,1.17
808.0,248.0,194.0,17.2,29.5,1.04
745.0,-29.0,-103.0,-4.4,-5.2,1.06
570.0,41.0,67.0,6.8,11.5,0.98
1761.0,102.0,97.0,2.0,4.7,0.9
1561.0,51.0,-63.0,-1.5,-17.5,1.13
725.0,9.0,51.0,3.5,5.1,1.41
2841.0,80.0,43.0,6.1,8.2,0.71
356.0,186.0,145.0,45.1,54.6,1.26
2381.0,145.0,121.0,8.2,14.7,1.07
48.0,-74.0,-104.0,-30.6,-149.9,0.27
1339.0,270.0,227.0,18.2,25.6,1.22
103.0,34.0,28.0,,,0.89174
2803.0,303.0,298.0,21.5,29.5,0.93
371.0,211.0,169.0,,,1.87871
113.0,4.0,37.0,4.8,11.0,1.63
308.0,35.0,34.0,6.9,8.1,1.13
670.0,102.0,92.0,12.3,16.2,1.16
554.0,106.0,67.0,6.1,13.0,1.16
538.0,37.0,48.0,5.6,9.2,1.17
968.0,267.0,205.0,21.0,43.7,1.23
188.0,-72.0,-53.0,-8.2,-10.8,0.87
1992.0,105.0,88.0,7.3,18.8,0.89
619.0,31.0,36.0,0.9,1.7,1.17
67.0,-19.0,-9.0,6.4,9.6,0.87
461.0,34.0,30.0,3.0,5.4,1.36
2773.0,209.0,151.0,14.0,33.6,1.11
719.0,158.0,100.0,11.7,19.4,1.09
41.0,-25.0,-20.0,5.8,9.4,1.32
189.0,16.0,12.0,3.7,8.4,1.06
612.0,137.0,203.0,6.9,24.1,0.89
1661.0,331.0,341.0,20.0,64.7,0.6
105.0,-12.0,-14.0,-1.7,-3.2,1.02
883.0,136.0,115.0,15.6,18.0,1.14
760.0,89.0,97.0,9.2,13.4,1.48
1427.0,262.0,335.0,4.9,7.4,1.05
392.0,133.0,106.0,37.0,46.8,1.41
1446.0,198.0,150.0,8.0,19.7,0.99
591.0,-44.0,-5.0,-6.0,-31.2,1.49
371.0,27.0,18.0,2.7,7.7,0.9
1044.0,195.0,46.0,4.4,-1.4,1.06
112.0,1.0,33.0,8.5,18.0,0.42
873.0,225.0,225.0,21.1,29.3,1.09
1217.0,224.0,267.0,17.3,37.8,1.14
1336.0,-82.0,-64.0,-3.0,-7.8,0.86
615.0,56.0,31.0,7.6,17.2,0.83
3045.0,213.0,294.0,18.3,26.6,1.06
116.0,35.0,48.0,13.3,14.4,3.72
2764.0,274.0,187.0,4.6,13.7,0.66
260.0,27.0,21.0,3.7,7.2,0.84
604.0,126.0,103.0,16.8,24.9,1.44
587.0,-41.0,-15.0,-2.5,-4.8,1.03
847.0,224.0,87.0,7.1,16.6,1.22
14.0,-25.0,-25.0,,,1.62
545.0,-1.0,-20.0,-1.1,0.3,1.16
1190.0,63.0,57.0,6.7,12.7,1.22
310.0,14.0,41.0,1.1,1.8,1.08
1199.0,53.0,-75.0,-0.3,1.3,1.12
705.0,-62.0,-82.0,-10.1,-17.8,1.13
497.0,-27.0,-7.0,-1.7,-3.8,1.05
3974.0,331.0,244.0,8.6,17.5,0.93
10599.0,784.0,1217.0,7.0,9.6,0.77
333.0,55.0,72.0,10.4,12.8,0.61
310.0,67.0,61.0,19.7,40.0,1.33
2760.0,299.0,94.0,2.8,4.8,1.3
6709.0,217.0,152.0,11.1,21.5,1.13
719.0,73.0,-15.0,4.7,9.7,0.97
65.0,-44.0,63.0,1.9,4.1,1.14
224.0,-6.0,-5.0,-1.6,-2.1,1.13
1135.0,58.0,54.0,2.0,4.3,1.24
478.0,-6.0,-879.0,-0.6,-6.1,0.73
870.0,38.0,201.0,7.8,8.5,0.42
933.0,175.0,160.0,12.9,15.1,1.34
681.0,155.0,117.0,5.7,31.9,0.76
2025.0,-43.0,13.0,-1.2,-2.2,0.99
1181.0,114.0,140.0,11.6,18.9,1.04
296.0,36.0,63.0,6.9,10.3,1.42
965.0,-27.0,-41.0,-0.5,-0.3,1.36
1448.0,120.0,100.0,8.7,11.3,0.81
872.0,-16.0,60.0,5.2,6.0,1.15
610.0,72.0,43.0,8.5,10.8,1.24
279.0,69.0,67.0,14.8,18.1,0.81
575.0,182.0,160.0,18.3,21.0,0.63
230.0,55.0,29.0,8.4,11.2,0.69
489.0,-1.0,-107.0,-4.3,-6.4,0.9
28.0,-61.0,-60.0,-6.3,-24.9,1.13
204.0,31.0,-2.0,1.7,3.0,0.93
1320.0,-240.0,-204.0,24.4,77.4,1.25
1030.0,69.0,86.0,8.3,14.9,1.29
3467.0,143.0,56.0,2.4,1.0,1.01
2599.0,225.0,355.0,5.4,7.7,1.16
171.0,13.0,-1.0,-0.1,0.2,0.89
173.0,7.0,20.0,1.5,1.8,1.19
359.0,51.0,39.0,7.3,9.7,1.06
511.0,16.0,49.0,6.9,9.5,1.38
646.0,106.0,86.0,20.4,26.0,1.49
161.0,52.0,-51.0,-2.4,-3.9,0.79
111.0,-35.0,-48.0,-20.5,-70.1,1.44
1150.0,86.0,83.0,4.9,9.3,0.99
425.0,107.0,74.0,11.9,18.3,0.98
325.0,14.0,23.0,4.1,8.3,1.24
754.0,148.0,126.0,19.9,27.1,1.23
842.0,62.0,64.0,7.7,10.8,1.31
138.0,40.0,40.0,21.2,29.4,2.77
602.0,29.0,42.0,5.8,7.4,1.04
150.0,34.0,68.0,7.0,8.6,0.89
61.0,-12.0,-232.0,-43.0,-63.4,1.32
2026.0,42.0,21.0,2.3,6.9,1.09
544.0,-32.0,4.0,2.3,3.8,1.23
4301.0,560.0,573.0,10.5,8.8,0.68
484.0,123.0,78.0,25.1,34.4,1.81
703.0,112.0,100.0,7.5,12.5,0.98
867.0,65.0,94.0,6.3,7.3,0.72
2372.0,26.0,16.0,1.2,2.8,0.72
2236.0,307.0,295.0,11.2,13.1,0.99
657.0,62.0,59.0,5.1,19.2,0.85
448.0,69.0,73.0,7.7,11.4,1.11
160.0,-1.0,-9.0,1.2,1.3,1.25
159.0,56.0,36.0,9.8,11.0,1.14
169.0,-28.0,154.0,14.8,38.9,1.21
235.0,45.0,40.0,22.6,29.7,0.86
98.0,3.0,-482.0,-62.4,-148.1,0.82
1251.0,56.0,43.0,6.2,21.8,1.27
1691.0,88.0,98.0,11.4,20.4,1.36
3953.0,149.0,159.0,7.7,21.6,1.17
150.0,-21.0,-19.0,-3.5,-3.8,0.34
305.0,29.0,12.0,2.3,6.7,0.7
257.0,63.0,73.0,11.2,11.9,0.72
920.0,77.0,70.0,5.7,14.2,1.21
1223.0,-57.0,-97.0,-3.7,-20.1,1.41
603.0,55.0,45.0,7.0,11.8,0.92
851.0,34.0,43.0,3.2,10.3,1.11
716.0,66.0,64.0,9.2,14.3,0.82
469.0,28.0,70.0,3.3,4.6,1.03
501.0,61.0,50.0,7.5,9.7,0.85
606.0,97.0,88.0,11.2,15.1,0.99
116.0,-32.0,-16.0,-5.1,-4.6,0.65
1615.0,42.0,149.0,-0.3,3.4,0.95
14.0,-19.0,-11.0,-8.3,-7.9,0.98
672.0,-12.0,-42.0,-2.2,-4.3,0.88
413.0,80.0,107.0,8.4,8.0,1.02
132.0,-1.0,-92.0,-16.0,-48.1,0.68
295.0,-1.0,130.0,11.1,17.0,1.4
7.0,-61.0,56.0,8.1,30.8,1.12
301.0,4.0,-7.0,-1.9,-2.8,0.0
271.0,6.0,18.0,6.7,8.3,1.15
159.0,16.0,12.0,5.3,9.0,0.6
357.0,70.0,62.0,11.9,15.3,0.92
1181.0,76.0,175.0,32.5,70.4,1.13
180.0,-19.0,-66.0,-4.6,-6.3,1.06
1661.0,17.0,57.0,7.8,17.2,1.4
33.0,-41.0,-26.0,-8.1,-13.2,1.06
692.0,78.0,68.0,11.5,27.4,1.08
456.0,59.0,41.0,9.9,13.5,1.31
633.0,49.0,60.0,15.6,45.9,1.3
773.0,138.0,118.0,10.1,14.0,1.12
482.0,78.0,52.0,9.5,12.9,1.34
21.0,-20.0,-20.0,-17.3,-21.2,1.8
230.0,48.0,44.0,6.9,8.1,0.66
287.0,-30.0,-2.0,-1.7,-3.0,1.08
61.0,19.0,18.0,11.7,14.5,1.33
432.0,11.0,13.0,1.7,3.1,1.37
111.0,27.0,19.0,20.5,72.3,0.31
123.0,-59.0,2.0,-13.7,-21.7,0.41
549.0,75.0,34.0,2.6,12.5,0.79
113.0,34.0,31.0,19.9,21.6,1.64
676.0,78.0,73.0,4.9,5.2,0.82
898.0,5.0,162.0,10.1,18.6,1.12
47.0,-1.0,-51.0,-48.1,-77.0,0.17
167.0,19.0,14.0,15.5,30.3,0.68
384.0,23.0,-40.0,-3.4,-4.0,1.2
497.0,-174.0,-152.0,-8.0,-25.5,1.51
-246.0,1.0,11.0,3.0,4.3,0.67
105,-3,-,6.3,9.1,0.68258
263.0,18.0,6.0,1.6,4.6,1.4
151.0,18.0,13.0,10.3,13.5,0.82
114.0,5.0,3.0,0.0,0.1,1.15
1135.0,62.0,112.0,6.8,8.9,0.62
434.0,37.0,33.0,11.4,13.8,0.94
135.0,13.0,39.0,11.1,18.1,1.10037
77.0,-4.0,18.0,4.7,8.5,1.4
198.0,28.0,67.0,7.9,9.7,1.07
106.0,-13.0,-11.0,-0.1,-0.1,0.59
224.0,58.0,19.0,12.1,17.0,0.84
335.0,20.0,35.0,9.0,25.2,1.23
52,-,4,4.8,5.2,0.88
347.0,15.0,27.0,2.4,10.7,1.13
1165.0,-85.0,-127.0,-6.5,-27.5,0.95
27.0,-67.0,-67.0,-68.4,-79.8,0.8265
131.0,1.0,5.0,-1.5,-3.7,1.4
1207.0,24.0,14.0,2.0,6.0,1.05
725.0,57.0,22.0,0.9,2.7,0.69
102.0,21.0,12.0,3.5,6.3,0.82
96.0,5.0,6.0,1.7,2.8,0.72
115.0,-20.0,-6.0,-5.9,-9.3,1.39
355.0,71.0,106.0,29.3,41.3,0.88
22.0,-15.0,-59.0,-31.8,-41.1,0.52
202.0,23.0,-60.0,-14.2,-19.3,1.57
671.0,88.0,74.0,9.8,13.3,1.08
200.0,21.0,19.0,10.9,25.5,1.04
491.0,61.0,25.0,7.4,10.3,1.46
294.0,9.0,19.0,4.9,10.9,0.89
92.0,10.0,6.0,4.8,6.2,0.9
107.0,18.0,23.0,6.8,13.0,0.85
44.0,-5.0,42.0,6.2,14.8,0.61
197.0,-13.0,-11.0,-3.9,-11.6,1.45
59.0,-45.0,-9.0,-19.7,-25.3,1.22
1049.0,26.0,33.0,4.7,6.6,0.99
91.0,7.0,9.0,6.9,10.1,1.12
102.0,18.0,44.0,5.9,10.1,0.95
207.0,34.0,29.0,9.7,17.1,1.08539
96.0,20.0,22.0,,,0.88078
7817.0,190.0,123.0,7.1,10.8,1.22
1156.0,42.0,165.0,8.5,18.3,1.41
1170.0,144.0,98.0,20.5,39.8,0.9
124.0,8.0,-50.0,-16.0,-22.1,1.01
8.0,-27.0,-24.0,-21.1,-23.5,1.46332
163.0,3.0,63.0,9.6,21.1,1.49
414.0,87.0,59.0,6.3,12.2,1.03
26.0,-17.0,-15.0,-7.7,-11.0,0.98
197.0,14.0,10.0,,,0.82225
244.0,53.0,38.0,10.6,14.6,1.27
265.0,12.0,-9.0,-1.1,-1.3,0.82
137.0,-4.0,34.0,10.4,32.7,1.16
173.0,-72.0,-93.0,-28.1,-42.9,1.18
178,-,4,1.7,2.5,0.77
88.0,-32.0,-38.0,-15.9,-49.9,1.29
92.0,9.0,6.0,1.0,2.7,1.03
106.0,22.0,10.0,4.3,8.5,1.05
46.0,6.0,8.0,9.2,10.2,3.03
193.0,19.0,1.0,-3.9,-5.9,0.55
114.0,11.0,13.0,3.6,5.8,1.03
748.0,23.0,17.0,3.9,5.9,1.81
136.0,-11.0,-108.0,-18.2,-40.9,1.05
241.0,24.0,-34.0,-5.1,-12.0,0.77
503.0,66.0,41.0,9.2,25.1,1.45
57.0,9.0,29.0,9.0,9.7,1.01
128.0,18.0,22.0,6.0,8.0,0.82
62.0,-9.0,-1.0,1.0,1.5,1.03
950.0,52.0,85.0,13.1,32.0,1.39
388.0,102.0,60.0,7.5,9.9,0.67
97.0,15.0,11.0,7.8,10.3,1.1
255.0,12.0,-9.0,-2.0,-4.9,0.74
2585.0,1.0,64.0,0.2,2.4,1.02
145.0,2.0,8.0,2.8,3.7,1.02
1640.0,74.0,46.0,5.6,7.8,1.3
230.0,5.0,22.0,8.0,9.3,0.93
1016.0,27.0,12.0,4.7,3.7,0.58
245.0,19.0,13.0,3.1,4.3,0.89
91.0,9.0,-13.0,-3.4,-4.1,0.94
39.0,-14.0,-11.0,-7.0,-9.4,1.53246
81.0,-27.0,-23.0,-13.5,-14.4,0.68
194.0,14.0,-14.0,4.1,6.8,1.13
492.0,35.0,28.0,5.0,9.4,1.07
196.0,39.0,28.0,14.0,20.2,1.29
2339.0,266.0,297.0,9.5,17.7,0.49
43.0,14.0,13.0,1.7,3.5,0.91
378.0,1.0,11.0,3.6,5.1,1.72
280.0,8.0,4.0,0.4,0.6,0.86
35.0,4.0,-14.0,-2.5,-3.8,0.63
26.0,-12.0,-11.0,,,0.42508
4775.0,1010.0,659.0,21.9,25.3,1.13
1261.0,-50.0,-33.0,-4.2,-7.0,0.93
740.0,165.0,178.0,25.3,38.2,1.41
191.0,43.0,42.0,18.2,22.3,1.05
377.0,-156.0,-146.0,-6.6,-10.1,1.02
56.0,-5.0,-6.0,0.4,0.7,1.05
16.0,-63.0,-54.0,-11.5,-12.5,1.45
1136.0,165.0,120.0,2.8,7.2,1.2
661.0,-6.0,-11.0,-2.4,-6.2,0.76
458.0,36.0,47.0,1.2,2.1,1.1
111.0,6.0,6.0,7.9,9.1,1.36
346.0,6.0,-7.0,-2.0,-4.9,1.18
56.0,-15.0,5.0,-6.8,-10.9,1.07
165.0,-19.0,-14.0,-2.9,-3.8,1.1
17.0,-18.0,-17.0,-13.6,-16.9,0.85
39.0,-5.0,-5.0,-4.2,-6.7,0.78
85.0,-2.0,-1.0,-0.8,-1.1,0.99
155.0,-11.0,-12.0,-6.8,-10.5,0.65
127.0,43.0,45.0,10.2,22.1,1.49
203.0,13.0,28.0,15.7,23.1,0.9
90.0,-11.0,-15.0,-11.9,-15.5,1.0
743.0,-6.0,6.0,-4.3,-14.3,1.25
66.0,6.0,-3.0,6.2,7.5,0.97
131.0,4.0,1.0,3.0,3.6,0.59
748.0,-16.0,-36.0,-3.7,-7.0,-0.02
1009.0,32.0,9.0,2.0,6.3,1.06
102,-2,-,2.0,3.2,1.36
173.0,22.0,28.0,6.0,7.0,1.22
215.0,-12.0,-19.0,-1.5,-0.4,0.65
188.0,6.0,15.0,0.7,1.1,1.13
117.0,37.0,37.0,10.7,17.1,1.12
112.0,33.0,28.0,15.1,16.9,0.81
116.0,22.0,23.0,,,0.5
159.0,-25.0,-9.0,-2.8,-6.1,0.89
114.0,2.0,68.0,13.5,93.4,0.63
32.0,1.0,43.0,6.2,9.4,1.56
379.0,36.0,44.0,8.8,16.2,1.37
122.0,-8.0,-2.0,-0.2,-0.4,0.86
147.0,7.0,-26.0,7.3,9.0,0.97
54.0,6.0,101.0,41.4,51.6,0.99
631.0,2.0,24.0,1.4,3.0,1.26
226.0,16.0,20.0,-0.2,1.0,1.07
427.0,-11.0,14.0,-2.3,-4.7,1.17
436.0,81.0,70.0,10.9,14.2,0.79
65.0,1.0,4.0,0.6,1.4,0.8
67,-4,-,-0.6,-0.9,1.06
62.0,-26.0,-28.0,-8.9,-19.4,1.12
89.0,-5.0,-11.0,-1.6,-0.2,1.06
264.0,-8.0,-13.0,-6.0,-10.2,0.92
583.0,100.0,84.0,23.1,35.6,1.14
71.0,6.0,8.0,6.0,7.0,1.42804
390.0,12.0,8.0,1.8,3.9,1.23
85.0,22.0,21.0,,,0.791
202.0,5.0,5.0,-6.4,-9.2,0.61
158.0,25.0,29.0,12.4,16.9,0.98
87.0,2.0,-9.0,-3.2,-4.2,0.84
184.0,19.0,14.0,9.5,14.9,0.8
42.0,-9.0,-806.0,-61.6,-101.7,0.73
115.0,30.0,26.0,9.8,12.5,1.02
678.0,56.0,78.0,13.1,15.6,0.9
100.0,-10.0,-55.0,-24.2,-34.6,0.83
525.0,23.0,6.0,1.2,2.8,1.26
569.0,39.0,40.0,3.7,9.1,1.24
365.0,-124.0,-201.0,-36.5,-109.5,1.09
1288.0,49.0,27.0,5.6,22.3,1.32
491,-,4,-7.5,-13.1,0.75
337.0,71.0,42.0,15.7,21.7,1.02
51.0,14.0,13.0,6.4,6.6,0.39
291.0,8.0,-45.0,-9.3,-30.1,1.01
274.0,-9.0,-7.0,2.4,3.3,1.15
79.0,-17.0,-14.0,-12.8,-43.9,0.0
5.0,-13.0,-13.0,-17.9,-22.1,0.96
542.0,58.0,38.0,8.4,15.4,1.63
163.0,18.0,27.0,9.2,24.0,1.15
863.0,81.0,-92.0,-5.7,-5.1,1.14
179.0,19.0,25.0,1.6,2.0,0.82
343.0,4.0,-1.0,0.7,4.4,1.28
123.0,7.0,18.0,4.2,9.4,1.6
208.0,-34.0,-77.0,-25.2,-78.3,0.63
428.0,32.0,111.0,12.8,14.6,1.1
252.0,38.0,32.0,8.2,16.1,1.36
125.0,30.0,23.0,16.6,18.0,1.42
147.0,23.0,24.0,15.6,26.8,1.06
152.0,44.0,57.0,9.5,16.2,1.22
169.0,6.0,30.0,1.2,2.4,1.20931
92.0,-44.0,-25.0,-9.9,-11.7,0.9
57.0,-4.0,-5.0,-4.3,-7.5,1.09
36.0,11.0,8.0,8.8,10.7,0.97
519.0,-39.0,-43.0,-4.4,-6.3,1.09
4.0,-13.0,-12.0,-23.6,-31.7,1.37833
55.0,-37.0,-34.0,-13.3,-15.3,0.91
576.0,2.0,-16.0,-1.0,-1.9,1.18
219.0,6.0,4.0,1.5,1.7,0.83
133.0,12.0,13.0,3.5,7.5,0.71
134.0,26.0,33.0,11.1,13.7,1.42
114.0,-31.0,-37.0,-15.3,-24.4,0.83
139.0,8.0,10.0,10.6,15.8,0.62
147.0,28.0,23.0,10.1,13.5,0.81
86.0,-35.0,-76.0,-28.8,-50.5,1.06
628.0,73.0,66.0,10.2,12.7,1.04
56.0,6.0,3.0,3.3,4.6,0.68
46.0,15.0,9.0,1.3,1.7,1.01
441.0,-16.0,-12.0,-5.8,-17.7,1.21
123.0,17.0,76.0,15.5,21.7,0.79
154.0,13.0,12.0,11.3,13.8,1.61
91.0,4.0,27.0,13.1,24.6,0.85
59.0,6.0,6.0,0.9,1.2,1.43789
352.0,2.0,24.0,24.6,49.4,1.15
105.0,-16.0,-10.0,-4.2,-5.2,1.19
4014.0,152.0,161.0,7.1,11.6,1.33
47.0,-6.0,1.0,-7.2,-12.2,1.09
63.0,-17.0,-15.0,-7.3,-5.2,0.93
582.0,35.0,28.0,7.8,11.6,1.45
42.0,-21.0,-42.0,-9.3,4.7,1.04
115.0,3.0,20.0,3.9,5.2,1.12
2.0,-18.0,-12.0,-40.6,-59.7,1.7
299.0,-24.0,-7.0,-4.0,-5.6,0.71
119.0,-2.0,-3.0,0.4,0.5,1.28
229.0,5.0,14.0,-0.1,1.2,0.99
343.0,48.0,48.0,10.0,11.5,1.11
290.0,39.0,49.0,8.7,17.1,0.98
230.0,7.0,12.0,3.2,5.0,0.51
85.0,-26.0,-20.0,-6.4,-8.1,1.23
28.0,-7.0,-25.0,-17.3,-43.2,1.39
166.0,15.0,8.0,6.2,10.6,0.86
70.0,14.0,25.0,9.3,17.2,0.73
408.0,58.0,85.0,19.0,31.5,1.05
305.0,4.0,-4.0,7.2,14.1,0.86
48.0,8.0,-3.0,-24.4,-35.7,0.26
77.0,-12.0,4.0,4.1,7.2,1.07
81.0,2.0,15.0,2.7,3.6,1.77
321.0,5.0,4.0,4.0,6.1,0.74
2082.0,64.0,7.0,1.2,1.7,1.13
255.0,6.0,-5.0,-0.8,-1.2,0.13
348.0,-5.0,-10.0,3.1,6.6,1.09
503.0,26.0,-20.0,0.8,1.4,0.98
269.0,8.0,8.0,1.4,1.7,0.5
63.0,15.0,19.0,14.8,16.5,0.96
526.0,88.0,114.0,1.9,18.0,0.59
32.0,-2.0,-1.0,3.3,10.4,-0.07
64.0,6.0,26.0,20.3,31.0,1.07
135.0,24.0,16.0,1.6,1.0,1.01
464.0,8.0,-21.0,-3.3,-7.6,1.14
372.0,13.0,13.0,5.8,10.5,1.16
407.0,34.0,33.0,10.7,17.6,0.72
97.0,19.0,20.0,8.6,10.6,1.23
538.0,-37.0,-31.0,-4.8,-14.9,0.38
402.0,-24.0,21.0,-0.7,-0.8,1.17
107.0,4.0,-7.0,1.0,1.2,1.1
60.0,7.0,9.0,1.8,2.7,1.28
-,-,-,,,0.03
152.0,33.0,28.0,17.8,25.3,0.4
281.0,17.0,19.0,0.5,-1.7,0.76
155.0,11.0,9.0,6.4,9.4,1.04
99.0,15.0,21.0,11.7,18.3,1.23
238.0,-1.0,3.0,2.3,5.6,0.94
104.0,-7.0,-42.0,-20.0,-52.0,0.9
198.0,3.0,2.0,3.1,4.4,0.48
964.0,148.0,144.0,10.7,18.6,1.84
209.0,9.0,9.0,5.2,7.3,1.1
214.0,59.0,66.0,9.8,12.6,0.93
49.0,-7.0,-1.0,-3.7,-5.2,0.4
181.0,22.0,41.0,24.2,30.2,0.98
272.0,12.0,31.0,4.7,10.0,1.1
171,-,-22,-7.8,-21.6,1.13
51.0,11.0,-15.0,28.8,35.6,0.63
330.0,23.0,12.0,7.2,9.0,1.23
38.0,-15.0,-39.0,-12.3,-18.9,0.81
74.0,-12.0,-12.0,-78.7,-119.2,0.08
14.0,-13.0,-390.0,-84.5,-101.8,1.04
563.0,30.0,-64.0,-5.6,-12.1,1.01
560.0,47.0,57.0,9.5,25.9,1.18
35.0,7.0,7.0,5.2,5.6,1.5
81.0,-17.0,-8.0,1.2,1.7,1.16
308.0,-34.0,-39.0,-14.5,-31.9,1.24
161.0,22.0,29.0,12.6,20.3,1.37
19,1,-,0.3,0.4,0.66
26.0,8.0,8.0,4.2,4.5,0.55
785.0,16.0,25.0,6.8,9.0,0.99
17.0,-15.0,-19.0,-25.4,-105.9,0.71
93.0,-14.0,-32.0,-21.4,-54.0,1.16
90.0,12.0,-2.0,5.7,6.6,0.05
192.0,-13.0,8.0,1.1,1.4,1.07
32.0,-7.0,-7.0,-13.0,-19.0,0.0
102.0,4.0,6.0,7.8,17.3,0.0
15.0,-24.0,-26.0,-20.6,-25.2,1.15
10.0,-9.0,-7.0,-2.5,-2.5,0.94
48.0,-4.0,35.0,3.4,5.9,0.93
28.0,-14.0,-12.0,-15.1,-28.9,0.79
77.0,17.0,31.0,5.4,5.7,1.19
40.0,-14.0,-3.0,2.1,2.7,0.93
468.0,26.0,20.0,3.6,5.0,0.84
133.0,-3.0,28.0,3.7,9.2,0.48
26.0,5.0,-51.0,-11.7,-16.8,1.25
168.0,8.0,6.0,-1.0,-2.2,1.16
61.0,10.0,11.0,15.6,18.0,0.47
173.0,6.0,-16.0,-1.7,-2.0,0.82
173.0,7.0,23.0,5.4,6.0,0.79
91.0,-9.0,-1.0,-0.2,-0.3,1.12
368.0,31.0,21.0,6.4,17.7,0.73
48.0,-6.0,-5.0,-6.8,-9.9,1.15
302.0,18.0,12.0,3.5,8.5,0.95
129.0,-7.0,-4.0,-0.4,-0.5,1.1
174.0,39.0,39.0,11.0,27.1,0.64
427.0,-1.0,6.0,5.4,16.5,0.96
63.0,-4.0,-7.0,-6.5,-7.7,0.95
251.0,-20.0,-20.0,-4.1,-5.1,1.12
134.0,-15.0,-12.0,1.4,1.8,1.36
401.0,14.0,30.0,6.1,7.5,0.85
284.0,-5.0,-25.0,-3.5,-7.4,0.8
40.0,-4.0,5.0,-2.0,-3.2,1.16
117.0,8.0,10.0,3.6,6.7,1.2
84.0,19.0,23.0,9.8,10.4,0.69
167.0,-7.0,21.0,1.9,2.5,0.97
229.0,-19.0,-38.0,-1.2,-3.1,1.15
67.0,6.0,8.0,24.9,34.4,0.63
54.0,1.0,4.0,-1.0,-1.6,0.59
157.0,1.0,8.0,7.7,19.8,0.65
239.0,-72.0,-89.0,-34.6,-42.3,1.28
76.0,23.0,21.0,17.3,19.4,3.17
72.0,2.0,6.0,1.4,0.7,1.07
96.0,-4.0,26.0,7.9,10.0,1.0
96.0,8.0,9.0,6.0,7.3,0.97
66.0,-21.0,-37.0,-35.6,-115.7,0.96
60.0,-9.0,-5.0,-4.5,-5.0,0.49
450.0,24.0,18.0,1.3,2.4,1.13
559.0,18.0,32.0,5.1,7.2,1.42
234.0,-15.0,-10.0,-3.6,-3.7,1.33
42.0,-10.0,-1.0,-7.3,-13.6,0.67496
149.0,-22.0,-11.0,-2.9,-5.5,1.09
70,-10,-,-10.7,-17.4,1.36
115.0,-12.0,-40.0,-0.6,-1.0,0.56
19,-,-1,-56.0,-65.5,0.36
960.0,-7.0,23.0,2.0,5.5,1.03
162.0,6.0,3.0,11.4,20.8,0.64
393.0,3.0,19.0,5.7,9.8,0.98
141.0,-19.0,-19.0,-8.0,-14.8,1.15
101.0,-23.0,-31.0,-8.4,-21.7,1.05
65.0,-2.0,1.0,-3.6,-4.3,0.53
181.0,-10.0,-15.0,-14.3,-28.0,0.78
1178.0,48.0,44.0,-1.6,-3.3,0.65
284.0,3.0,-46.0,-12.2,-22.2,0.85
792.0,13.0,24.0,4.9,9.3,1.04
70.0,-4.0,-1.0,-3.8,-6.8,1.02
140.0,-8.0,1.0,-5.5,-7.3,0.73
243.0,4.0,5.0,3.5,4.3,0.9
120.0,15.0,4.0,5.9,8.2,1.1
22.0,-4.0,-3.0,-3.3,-4.1,0.82
107.0,33.0,31.0,20.4,23.2,0.6
141.0,-19.0,-41.0,-5.5,-8.1,1.16
142.0,13.0,17.0,8.0,13.8,1.18
101.0,2.0,2.0,4.3,6.8,0.58
74.0,5.0,8.0,-1.1,-1.3,1.0
197.0,13.0,-7.0,-1.7,-3.6,0.39
1630.0,49.0,156.0,-0.1,4.3,1.48
10.0,-5.0,-6.0,-2.2,-4.8,-0.31
125.0,-25.0,-37.0,-23.1,-63.1,0.55
89.0,-4.0,-7.0,-25.8,-44.2,1.12
48.0,-3.0,5.0,10.6,12.0,0.0
59.0,7.0,8.0,6.4,7.2,0.9
64.0,6.0,6.0,6.7,39.1,0.93
128.0,-11.0,-15.0,-9.6,-57.5,1.09
34.0,8.0,10.0,6.8,7.5,0.55
-,-,-,,,0.17
233.0,17.0,17.0,11.2,18.4,1.08
28.0,4.0,3.0,3.0,3.3,0.78
88.0,2.0,2.0,2.6,3.7,0.56
907.0,-8.0,12.0,0.9,2.1,0.84
37.0,-3.0,1.0,1.2,1.3,1.04
147.0,-16.0,-20.0,-10.0,-15.4,1.29
33.0,6.0,7.0,6.1,6.4,0.84
244.0,-63.0,-45.0,-9.7,-13.1,0.76
63.0,-4.0,-7.0,-4.9,-6.9,0.0
163.0,-6.0,-5.0,-7.9,-8.7,1.0
127.0,-2.0,-1.0,9.4,19.5,0.48
103.0,7.0,7.0,14.6,21.7,0.63
238.0,6.0,6.0,1.5,1.4,1.47
32.0,4.0,7.0,13.1,14.9,0.99
119.0,-30.0,-12.0,0.7,1.0,1.99
95.0,1.0,6.0,10.9,23.8,0.8
29,-,1,-5.4,-6.1,0.88
37.0,1.0,4.0,4.3,4.6,1.15
81.0,-6.0,-4.0,-2.1,-2.4,1.67
47.0,-1.0,25.0,7.2,7.9,1.05
118.0,-1.0,-1.0,-5.8,-17.0,0.53
27,-6,-,2.9,3.0,1.24
76.0,2.0,5.0,6.3,6.8,1.12
132.0,20.0,26.0,21.5,25.4,0.61
