,Symbol,Name,Sector,Industry,Sales,Revenue,MarCap,PER,PBR,ROA,ROE,Volume,Price,Beta,DIVIDEND,cnn_score,Sales_score,Revenue_score,MarCap_score,ROA_score,ROE_score,PER_score,total_score
0,MMM,3M,Industrials,Industrial Conglomerates,35090000000.0,4150000000.000001,68569999999.99999,17.38,5.16,8.9,28.5,3021350.0,122.83,0.99,4.8,0.0,1.0,1.0,1.0,0.0,1.0,0.0,4.0
1,AOS,A. O. Smith,Industrials,Building Products,3850000000.0,517200000.00000006,8760000000.0,17.27,4.88,15.3,28.2,450723.0,55.01,1.19,1.99,0.0,0.0,0.0,0.0,1.0,1.0,0.0,2.0
2,ABT,Abbott,Health Care,Health Care Equipment,45550000000.0,8550000000.000001,188760000000.0,22.71,5.25,11.5,24.1,988320.0,106.36,0.71,1.72,0.0,1.0,1.0,1.0,1.0,0.0,0.0,4.0
3,ABBV,AbbVie,Health Care,Pharmaceuticals,57350000000.0,12570000000.0,249890000000.0,20.12,17.18,8.6,83.9,1529196.0,141.21,0.68,3.97,0.0,1.0,1.0,1.0,0.0,1.0,0.0,4.0
4,ABMD,Abiomed,Health Care,Health Care Equipment,1060000000.0,217600000.0,12390000000.0,58.92,8.28,13.4,14.9,56097.0,266.36,1.37,,0.0,0.0,0.0,0.0,1.0,0.0,1.0,2.0
5,ACN,Accenture,Information Technology,IT Consulting & Other Services,59590000000.0,6630000000.0,185100000000.0,28.64,8.74,15.0,32.4,381603.0,285.86,1.22,1.31,0.0,1.0,1.0,1.0,1.0,1.0,0.0,5.0
6,ATVI,Activision Blizzard,Communication Services,Interactive Home Entertainment,7640000000.0,1880000000.0,60250000000.0,32.65,3.35,7.6,10.6,1087387.0,77.3,0.51,0.6,0.0,0.0,0.0,0.0,1.0,0.0,1.0,2.0
7,ADM,ADM,Consumer Staples,Agricultural Products,94360000000.0,3600000000.0,48810000000.0,13.92,2.05,6.1,15.5,779894.0,88.21,0.77,1.81,0.0,1.0,1.0,0.0,0.0,0.0,0.0,2.0
8,ADBE,Adobe Inc.,Information Technology,Application Software,16690000000.000002,4890000000.0,180260000000.0,38.71,13.38,18.5,34.3,1083890.0,374.95,1.14,,0.0,0.0,0.0,1.0,1.0,1.0,0.0,3.0
9,ADP,ADP,Information Technology,Data Processing & Outsourced Services,16500000000.0,2950000000.0,100390000000.0,34.84,31.44,4.6,66.2,410829.0,238.72,0.83,1.71,0.0,0.0,0.0,0.0,0.0,1.0,0.0,1.0
10,AAP,Advance Auto Parts,Consumer Discretionary,Automotive Retail,11060000000.0,535700000.00000006,10890000000.0,21.06,3.93,4.4,17.8,234812.0,177.21,1.24,3.31,0.0,0.0,0.0,0.0,0.0,1.0,0.0,1.0
11,AES,AES Corporation,Utilities,Independent Power Producers & Energy Traders,11740000000.0,353000000.0,18390000000.0,,8.54,-1.0,-16.1,985529.0,27.11,0.9,2.29,0.5,0.0,0.0,0.0,0.0,0.0,0.0,0.5
12,AFL,Aflac,Financials,Life & Health Insurance,21340000000.0,4350000000.0,39360000000.0,9.43,1.52,2.9,14.2,818722.0,61.44,0.91,2.56,0.0,1.0,0.0,0.0,0.0,0.0,0.0,1.0
13,A,Agilent Technologies,Health Care,Health Care Equipment,6660000000.0,1330000000.0,40670000000.0,31.9,8.19,12.7,25.6,556647.0,135.83,1.07,0.6,0.0,0.0,0.0,0.0,1.0,0.0,1.0,2.0
14,APD,Air Products and Chemicals,Materials,Industrial Gases,11970000000.0,2230000000.0,57730000000.0,26.27,4.29,8.4,16.6,173748.0,258.68,0.8,2.46,0.0,0.0,1.0,1.0,0.0,0.0,1.0,3.0
15,AKAM,Akamai,Information Technology,Internet Services & Infrastructure,3570000000.0,578200000.0,14560000000.0,26.48,3.48,7.1,13.1,252010.0,90.43,0.66,,0.0,0.0,0.0,0.0,0.0,0.0,0.0,0.0
16,ALK,Alaska Air Group,Industrials,Airlines,8189999999.999999,194000000.0,5820000000.0,31.03,1.56,1.5,5.6,327741.0,45.26,1.44,,0.5,0.0,0.0,0.0,0.0,0.0,1.0,1.5
17,ALB,Albemarle Corporation,Materials,Specialty Chemicals,4330000000.0,263600000.00000003,33750000000.0,133.89,5.72,2.3,4.5,811623.0,299.8,1.52,0.53,0.0,0.0,0.0,1.0,0.0,0.0,1.0,2.0
18,ARE,Alexandria Real Estate Equities,Real Estate,Office REITs,2380000000.0,292600000.0,25840000000.0,85.76,1.51,0.9,1.8,219906.0,153.18,0.94,2.94,0.0,0.0,0.0,0.0,0.0,0.0,1.0,1.0
19,ALGN,Align Technology,Health Care,Health Care Supplies,3990000000.0,619000000.0,20450000000.0,34.31,5.83,10.6,17.2,215885.0,249.62,1.8,,0.0,0.0,0.0,0.0,1.0,0.0,1.0,2.0
20,ALLE,Allegion,Industrials,Building Products,2920000000.0,464400000.0,8760000000.0,19.47,11.45,14.5,59.1,155800.0,97.34,1.06,1.62,0.0,0.0,0.0,0.0,1.0,1.0,0.0,2.0
21,LNT,Alliant Energy,Utilities,Electric Utilities,3960000000.0,695000000.0,15870000000.0,22.92,2.6,3.7,11.5,327856.0,62.37,0.46,2.69,0.0,0.0,0.0,0.0,1.0,1.0,0.0,2.0
22,ALL,Allstate,Financials,Property & Casualty Insurance,50050000000.0,882000000.0,34490000000.0,45.64,1.92,0.8,4.1,230618.0,125.54,0.71,2.68,0.0,1.0,0.0,0.0,0.0,0.0,1.0,2.0
23,GOOGL,Alphabet Inc. (Class A),Communication Services,Interactive Media & Services,278140000000.0,72020000000.0,1422810000000.0,21.0,5.7,20.3,28.6,11886743.0,105.21,1.09,,0.0,1.0,1.0,1.0,1.0,1.0,0.0,5.0
24,GOOG,Alphabet Inc. (Class C),Communication Services,Interactive Media & Services,270330000000.0,,1477150000000.0,19.39,5.8,,,9921734.0,106.25,,,0.0,1.0,0.0,1.0,0.0,0.0,0.0,2.0
25,MO,Altria,Consumer Staples,Tobacco,25480000000.0,1740000000.0,80560000000.0,46.45,,4.5,-99.0,5146306.0,44.11,0.62,8.33,0.0,0.0,0.0,1.0,0.0,0.0,1.0,2.0
26,AMZN,Amazon,Consumer Discretionary,Internet & Direct Marketing Retail,485900000000.0,11610000000.0,1354110000000.0,122.71,10.57,2.8,8.9,26638899.0,128.36,1.34,,0.0,1.0,1.0,1.0,0.0,1.0,1.0,5.0
27,AMCR,Amcor,Materials,Paper Packaging,14540000000.0,802000000.0,18250000000.0,23.43,4.5,4.6,18.1,1513974.0,12.12,,3.88,0.0,0.0,0.0,0.0,0.0,0.0,0.0,0.0
28,AMD,AMD,Information Technology,Semiconductors,21580000000.0,3130000000.0,132370000000.0,35.59,2.48,7.9,10.0,31976095.0,78.43,1.97,,0.0,0.0,0.0,1.0,0.0,0.0,0.0,1.0
29,AEE,Ameren,Utilities,Multi-Utilities,6960000000.0,1010000000.0,24580000000.0,24.62,2.51,2.8,10.3,221056.0,94.36,0.37,2.46,0.0,0.0,0.0,0.0,0.0,0.0,0.0,0.0
30,AAL,American Airlines Group,Industrials,Airlines,40720000000.0,1922000000.0,9250000000.0,,,-2.8,23.9,12065277.0,13.8,1.51,,0.0,1.0,0.0,0.0,0.0,1.0,0.0,2.0
31,AEP,American Electric Power,Utilities,Electric Utilities,17920000000.0,2570000000.0,53660000000.0,20.72,2.24,2.9,11.1,548433.0,103.97,0.35,2.97,0.0,1.0,1.0,1.0,1.0,0.0,0.0,4.0
32,AXP,American Express,Financials,Consumer Finance,48720000000.0,7460000000.0,118020000000.0,16.67,5.26,3.9,32.4,1192300.0,157.42,1.13,1.28,0.0,1.0,1.0,1.0,1.0,1.0,0.0,5.0
33,AIG,American International Group,Financials,Property & Casualty Insurance,57170000000.0,12680000000.0,42430000000.0,3.7,1.0,2.2,22.0,1057678.0,55.29,1.19,2.26,0.0,1.0,1.0,0.0,0.0,1.0,0.0,3.0
34,AMT,American Tower,Real Estate,Specialized REITs,10230000000.0,2790000000.0,123460000000.0,43.57,17.47,4.2,48.9,321331.0,258.74,0.49,2.16,0.0,1.0,1.0,1.0,0.0,1.0,0.0,4.0
35,AWK,American Water Works,Utilities,Water Utilities,3820000000.0,1300000000.0,28450000000.0,21.98,3.77,5.0,17.8,151916.0,153.36,0.45,1.67,0.0,0.0,0.0,0.0,1.0,1.0,0.0,2.0
36,AMP,Ameriprise Financial,Financials,Asset Management & Custody Banks,13840000000.0,3250000000.0,30820000000.0,10.41,7.55,1.9,62.8,141601.0,281.38,1.47,1.73,0.0,0.0,0.0,0.0,0.0,1.0,0.0,1.0
37,ABC,AmerisourceBergen,Health Care,Health Care Distributors,236330000000.0,1840000000.0,30670000000.0,16.96,138.05,3.2,594.4,297577.0,143.44,0.46,1.25,0.0,1.0,0.0,0.0,0.0,1.0,0.0,2.0
38,AME,Ametek,Industrials,Electrical Components & Equipment,5920000000.0,1090000000.0,28700000000.0,26.97,4.2,9.2,16.0,389934.0,123.97,1.26,0.69,0.0,0.0,0.0,0.0,1.0,0.0,1.0,2.0
39,AMGN,Amgen,Health Care,Biotechnology,26380000000.0,6580000000.0,125960000000.0,20.13,52.57,10.8,144.1,1076814.0,231.17,0.56,3.27,0.0,0.0,1.0,1.0,1.0,1.0,0.0,4.0
40,APH,Amphenol,Information Technology,Electronic Components,11930000000.0,1770000000.0,44830000000.0,26.95,7.05,12.0,28.5,891449.0,74.86,1.26,1.05,0.0,0.0,0.0,0.0,0.0,1.0,0.0,1.0
41,ADI,Analog Devices,Information Technology,Semiconductors,11110000000.0,1890000000.0,78990000000.0,43.1,2.2,3.7,5.1,664378.0,150.09,1.16,1.95,0.0,0.0,0.0,0.0,0.0,0.0,0.0,0.0
42,ANSS,Ansys,Information Technology,Application Software,2000000000.0,458300000.0,22420000000.0,50.16,5.11,7.5,10.4,89979.0,247.7,1.31,,0.0,0.0,0.0,0.0,0.0,0.0,0.0,0.0
43,AON,Aon,Financials,Insurance Brokers,12440000000.0,1490000000.0,61770000000.0,42.19,91.59,4.5,115.9,111667.0,286.26,0.9,0.76,0.0,0.0,0.0,1.0,1.0,1.0,1.0,4.0
44,APA,APA Corporation,Energy,Oil & Gas Exploration & Production,10070000000.0,3080000000.0,12660000000.0,4.5,23.39,23.7,-579.7,2953750.0,39.64,3.8,1.25,0.5,0.0,0.0,0.0,1.0,0.0,0.0,1.5
45,AAPL,Apple Inc.,Information Technology,"Technology Hardware, Storage & Peripherals",387540000000.0,99630000000.0,2577880000000.0,27.0,45.4,28.1,153.0,40899730.0,156.45,1.24,0.56,0.0,1.0,1.0,1.0,1.0,1.0,0.0,5.0
46,AMAT,Applied Materials,Information Technology,Semiconductor Equipment,25160000000.0,6650000000.0,80510000000.0,12.89,6.89,25.8,55.6,1513977.0,91.47,1.52,1.08,0.0,1.0,1.0,0.0,1.0,1.0,0.0,4.0
47,APTV,Aptiv,Consumer Discretionary,Auto Parts & Equipment,16020000000.0,113000000.0,26100000000.0,239.78,3.34,0.6,1.4,579187.0,97.34,2.01,,0.0,0.0,0.0,0.0,0.0,1.0,1.0,2.0
48,ANET,Arista Networks,Information Technology,Communications Equipment,3500000000.0,1030000000.0,37460000000.0,38.43,9.55,17.9,25.9,484145.0,120.69,1.33,,0.0,0.0,0.0,0.0,1.0,1.0,0.0,2.0
49,AJG,Arthur J. Gallagher & Co.,Financials,Insurance Brokers,8590000000.0,1060000000.0,39190000000.0,37.83,4.48,2.9,12.2,188130.0,184.41,0.67,1.09,0.0,0.0,0.0,0.0,0.0,0.0,1.0,1.0
50,AIZ,Assurant,Financials,Multi-line Insurance,10200000000.0,481500000.0,8740000000.0,19.44,2.0,3.6,23.3,54021.0,160.73,0.55,1.66,0.0,0.0,0.0,0.0,1.0,1.0,1.0,3.0
51,T,AT&T,Communication Services,Integrated Telecommunication Services,140240000000.0,19930000000.0,121960000000.0,6.35,1.06,3.8,12.8,12893840.0,17.1,0.44,6.39,0.0,1.0,1.0,0.0,0.0,0.0,0.0,2.0
52,ATO,Atmos Energy,Utilities,Gas Utilities,4050000000.0,751000000.0,16690000000.000002,22.02,1.8,4.6,11.0,172705.0,118.17,0.52,2.28,0.0,0.0,0.0,0.0,1.0,0.0,0.0,1.0
53,ADSK,Autodesk,Information Technology,Application Software,4740000000.0,557800000.0,46040000000.0,84.81,63.1,6.6,62.9,851537.0,205.77,1.53,,0.0,0.0,0.0,0.0,0.0,1.0,1.0,2.0
54,AZO,AutoZone,Consumer Discretionary,Specialty Stores,15820000000.0,2410000000.0,43160000000.0,19.62,,16.7,-92.1,42391.0,2175.14,0.77,,0.0,0.0,0.0,0.0,1.0,0.0,0.0,1.0
55,AVB,AvalonBay Communities,Real Estate,Residential REITs,2440000000.0,813300000.0,29590000000.0,36.85,2.74,4.1,7.5,121486.0,208.24,0.95,2.97,0.0,0.0,0.0,0.0,0.0,0.0,0.0,0.0
56,AVY,Avery Dennison,Materials,Paper Packaging,8950000000.0,759500000.0,15440000000.0,20.99,8.1,9.4,40.0,79336.0,185.68,0.98,1.56,0.0,0.0,0.0,0.0,1.0,1.0,0.0,2.0
57,BKR,Baker Hughes,Energy,Oil & Gas Equipment & Services,20460000000.0,466000000.0,24540000000.0,,1.71,-1.3,-2.9,2582497.0,25.38,1.38,2.83,0.0,0.0,0.0,0.0,0.0,0.0,0.0,0.0
58,BALL,Ball Corporation,Materials,Metal & Glass Containers,15080000000.0,736000000.0,18930000000.0,27.23,5.55,3.7,20.4,736447.0,58.71,0.63,1.32,0.0,0.0,0.0,0.0,0.0,0.0,1.0,1.0
59,BAC,Bank of America,Financials,Diversified Banks,52760000000.0,26570000000.0,281050000000.0,10.99,1.19,0.8,10.9,13816591.0,34.4,1.38,2.5,0.0,1.0,1.0,1.0,0.0,0.0,0.0,3.0
60,BBWI,"Bath & Body Works, Inc.",Consumer Discretionary,Specialty Stores,7780000000.0,1040000000.0,9110000000.0,9.89,,17.5,-45.0,678380.0,38.48,1.78,1.98,1.0,0.0,0.0,0.0,1.0,0.0,0.0,2.0
61,BAX,Baxter International,Health Care,Health Care Equipment,14190000000.0,1010000000.0,29690000000.0,29.95,3.4,3.4,11.3,401437.0,58.85,0.6,1.94,0.0,0.0,0.0,0.0,0.0,0.0,0.0,0.0
62,BDX,Becton Dickinson,Health Care,Health Care Equipment,19240000000.0,1520000000.0,74680000000.0,49.93,2.96,3.9,8.5,159346.0,260.2,0.58,1.32,0.0,0.0,0.0,0.0,0.0,0.0,1.0,1.0
63,WRB,Berkley,Financials,Property & Casualty Insurance,10430000000.0,1330000000.0,18140000000.0,16.64,2.89,4.1,19.9,152122.0,67.35,0.63,0.59,0.0,0.0,0.0,0.0,1.0,1.0,0.0,2.0
64,BRKB,Berkshire Hathaway,Financials,Multi-Sector Holdings,,,,,,,,,,,,,0.0,0.0,0.0,0.0,0.0,0.0,0.0
65,BBY,Best Buy,Consumer Discretionary,Computer & Electronics Retail,49250000000.0,1770000000.0,17170000000.000002,10.41,6.07,10.4,54.7,718523.0,75.34,1.52,4.52,0.0,1.0,0.0,0.0,1.0,1.0,0.0,3.0
66,BIO,Bio-Rad,Health Care,Life Sciences Tools & Services,2870000000.0,1942400000.0,15060000000.0,,1.71,-12.0,-16.2,35373.0,489.08,0.99,,0.0,0.0,0.0,0.0,0.0,0.0,0.0,0.0
67,TECH,Bio-Techne,Health Care,Life Sciences Tools & Services,1110000000.0,271900000.0,12770000000.0,48.91,7.46,11.9,16.1,224732.0,323.86,1.26,0.4,0.0,0.0,0.0,0.0,1.0,0.0,1.0,2.0
68,BIIB,Biogen,Health Care,Biotechnology,10630000000.0,2060000000.0,29720000000.0,14.56,2.51,8.5,18.5,1063989.0,203.91,0.44,,0.0,0.0,0.0,0.0,0.0,0.0,0.0,0.0
69,BLK,BlackRock,Financials,Asset Management & Custody Banks,19380000000.0,5840000000.0,104520000000.0,18.37,2.84,3.9,15.7,345368.0,655.5,1.24,2.8,0.0,1.0,1.0,1.0,1.0,1.0,0.0,5.0
70,BK,BNY Mellon,Financials,Asset Management & Custody Banks,3360000000.0,3240000000.0,35520000000.0,11.27,0.99,0.7,8.6,2343161.0,44.47,1.1,3.34,0.0,0.0,0.0,0.0,0.0,0.0,0.0,0.0
71,BA,Boeing,Industrials,Aerospace & Defense,60740000000.0,5278000000.0,94410000000.0,,,-3.8,35.3,3162246.0,150.76,1.35,,0.5,1.0,1.0,1.0,0.0,1.0,0.0,4.5
72,BKNG,Booking Holdings,Consumer Discretionary,Internet & Direct Marketing Retail,14650000000.0,1540000000.0,75050000000.0,51.21,19.44,6.6,30.7,393423.0,1920.8,1.24,,0.0,0.0,0.0,0.0,0.0,1.0,1.0,2.0
73,BWA,BorgWarner,Consumer Discretionary,Auto Parts & Equipment,14700000000.0,641000000.0,9130000000.0,14.7,1.36,3.9,9.3,540051.0,38.35,1.37,1.72,0.5,0.0,0.0,0.0,0.0,1.0,0.0,1.5
74,BXP,Boston Properties,Real Estate,Office REITs,2990000000.0,658600000.0,13640000000.0,20.76,2.3,2.9,11.3,291635.0,85.25,1.15,4.49,0.0,0.0,0.0,0.0,0.0,0.0,0.0,0.0
75,BSX,Boston Scientific,Health Care,Health Care Equipment,12330000000.0,828000000.0,61880000000.0,75.45,3.6,2.6,4.9,1274884.0,42.44,0.85,,0.0,0.0,0.0,0.0,0.0,0.0,1.0,1.0
76,BMY,Bristol Myers Squibb,Health Care,Health Care Distributors,47140000000.0,6620000000.0,152790000000.0,24.05,4.74,6.2,19.3,2915075.0,71.8,0.42,2.99,0.0,1.0,1.0,1.0,0.0,0.0,0.0,3.0
77,AVGO,Broadcom Inc.,Information Technology,Semiconductors,31680000000.0,9830000000.0,201410000000.0,21.94,9.77,13.5,43.8,3490391.0,503.65,1.12,3.26,0.0,1.0,1.0,1.0,1.0,1.0,0.0,5.0
78,BR,Broadridge Financial Solutions,Information Technology,Data Processing & Outsourced Services,5710000000.0,539100000.0,20120000000.0,38.05,10.58,6.6,29.8,67424.0,169.87,0.91,1.68,0.0,0.0,0.0,0.0,0.0,1.0,0.0,1.0
79,BRO,Brown & Brown,Financials,Insurance Brokers,3250000000.0,601400000.0,18480000000.0,30.2,4.23,5.6,14.2,237493.0,63.3,0.8,0.63,0.0,0.0,0.0,0.0,1.0,0.0,1.0,2.0
80,BFB,Brown–Forman,Consumer Staples,Distillers & Vintners,,,,,,,,,,,,,0.0,0.0,0.0,0.0,0.0,0.0,0.0
81,CHRW,C.H. Robinson,Industrials,Air Freight & Logistics,26380000000.0,1100000000.0,13720000000.0,13.23,6.89,15.3,54.0,1252121.0,110.06,0.73,2.0,0.0,1.0,0.0,0.0,1.0,1.0,0.0,3.0
82,CDNS,Cadence Design Systems,Information Technology,Application Software,3280000000.0,775100000.0,45630000000.0,59.68,17.26,17.9,28.8,1931289.0,166.92,1.17,,0.0,0.0,0.0,0.0,1.0,1.0,1.0,3.0
83,CZR,Caesars Entertainment,Consumer Discretionary,Casinos & Gaming,10390000000.0,1088000000.0,9470000000.0,,2.67,-3.9,-35.0,4818739.0,45.58,2.77,,0.0,0.0,0.0,0.0,0.0,0.0,0.0,0.0
84,CPT,Camden Property Trust,Real Estate,Residential REITs,1270000000.0,819100000.0,14210000000.0,17.83,2.86,9.7,18.8,165112.0,132.01,0.79,2.78,0.0,0.0,0.0,0.0,1.0,1.0,0.0,2.0
85,CPB,Campbell Soup Company,Consumer Staples,Packaged Foods & Meats,8560000000.000001,757000000.0,14550000000.0,19.4,4.3,7.8,28.1,613121.0,48.03,0.34,3.05,0.0,0.0,0.0,0.0,0.0,0.0,0.0,0.0
86,COF,Capital One,Financials,Consumer Finance,27250000000.0,9550000000.0,41410000000.0,4.82,0.88,2.2,17.9,883276.0,104.61,1.43,2.19,0.0,1.0,1.0,0.0,0.0,1.0,0.0,3.0
87,CAH,Cardinal Health,Health Care,Health Care Distributors,181360000000.0,933000000.0,19010000000.0,,,-2.2,-378.9,962775.0,67.25,0.79,2.87,1.0,1.0,0.0,0.0,0.0,0.0,0.0,2.0
88,KMX,CarMax,Consumer Discretionary,Specialty Stores,33510000000.0,966800000.0,14160000000.0,15.46,2.7,3.8,18.7,332802.0,87.35,1.4,,0.0,0.0,0.0,0.0,0.0,1.0,0.0,1.0
89,CCL,Carnival,Consumer Discretionary,"Hotels, Resorts & Cruise Lines",5860000000.0,9181000000.0,12570000000.0,,1.46,-17.2,-80.6,20460052.0,10.25,2.04,,0.5,0.0,1.0,0.0,0.0,0.0,0.0,1.5
90,CARR,Carrier Global,Industrials,Building Products,20340000000.0,2750000000.0,35550000000.0,13.5,5.34,11.0,40.0,924669.0,41.31,,1.42,0.0,0.0,1.0,0.0,1.0,1.0,0.0,3.0
91,CTLT,Catalent,Health Care,Pharmaceuticals,4830000000.0,505000000.0,16790000000.0,33.99,3.53,4.9,11.3,320198.0,93.26,1.36,,0.0,0.0,0.0,0.0,0.0,0.0,1.0,1.0
92,CAT,Caterpillar Inc.,Industrials,Construction Machinery & Heavy Trucks,54030000000.0,6720000000.0,98170000000.0,15.48,6.5,8.3,41.0,577932.0,187.5,1.01,2.49,0.0,1.0,1.0,1.0,0.0,1.0,0.0,4.0
93,CBOE,Cboe Global Markets,Financials,Financial Exchanges & Data,3640000000.0,210000000.0,12850000000.0,62.02,3.94,2.8,6.0,650356.0,120.93,0.62,1.65,0.0,0.0,0.0,0.0,0.0,0.0,1.0,1.0
94,CBRE,CBRE Group,Real Estate,Real Estate Services,30450000000.0,2010000000.0,25770000000.0,13.7,3.27,9.6,24.3,350119.0,78.54,1.38,,0.0,1.0,1.0,0.0,1.0,1.0,0.0,4.0
95,CDW,CDW,Information Technology,Technology Distributors,22930000000.0,1010000000.0,23030000000.0,23.47,21.08,8.2,114.2,846833.0,172.45,1.13,1.16,0.0,1.0,0.0,0.0,0.0,1.0,0.0,2.0
96,CE,Celanese,Materials,Specialty Chemicals,9560000000.0,1990000000.0,12350000000.0,6.46,2.6,16.1,44.7,385699.0,110.99,1.21,2.33,0.0,0.0,0.0,0.0,1.0,1.0,0.0,2.0
97,CNC,Centene Corporation,Health Care,Managed Health Care,138090000000.0,1860000000.0,52680000000.0,29.55,2.06,2.3,7.0,514750.0,91.12,0.51,,0.0,1.0,0.0,0.0,0.0,0.0,0.0,1.0
98,CNP,CenterPoint Energy,Utilities,Multi-Utilities,8770000000.0,849000000.0,20740000000.0,24.48,2.25,4.2,17.5,927096.0,32.61,0.87,2.18,0.0,0.0,0.0,0.0,1.0,1.0,0.0,2.0
99,CDAY,Ceridian,Information Technology,Application Software,1130000000.0,77600000.0,9630000000.0,,4.65,-0.9,-3.6,299665.0,60.74,1.49,,0.0,0.0,0.0,0.0,0.0,0.0,0.0,0.0
100,CF,CF Industries,Materials,Fertilizers & Agricultural Chemicals,10160000000.0,2570000000.0,19590000000.0,8.16,4.51,20.0,69.7,849434.0,101.23,1.0,1.61,0.0,0.0,1.0,0.0,1.0,1.0,0.0,3.0
101,CRL,Charles River Laboratories,Health Care,Life Sciences Tools & Services,3690000000.0,443300000.0,11120000000.0,25.93,4.29,6.2,17.4,390410.0,215.92,1.35,,0.0,0.0,0.0,0.0,0.0,0.0,0.0,0.0
102,SCHW,Charles Schwab Corporation,Financials,Investment Banking & Brokerage,19600000000.0,5790000000.0,139500000000.0,24.64,4.2,0.9,14.0,1307048.0,73.29,1.06,1.17,0.0,1.0,1.0,1.0,0.0,0.0,1.0,4.0
103,CHTR,Charter Communications,Communication Services,Cable & Satellite,53160000000.0,5500000000.0,62070000000.0,12.43,6.42,3.8,41.5,1284431.0,386.89,0.91,,0.0,0.0,0.0,0.0,0.0,1.0,0.0,1.0
104,CVX,Chevron Corporation,Energy,Integrated Oil & Gas,206100000000.0,29050000000.0,310090000000.0,10.86,2.06,11.8,20.2,3029118.0,160.41,1.14,3.5,0.0,1.0,1.0,1.0,1.0,1.0,0.0,5.0
105,CMG,Chipotle Mexican Grill,Consumer Discretionary,Restaurants,8150000000.0,756100000.0,48070000000.0,65.44,22.64,11.5,34.0,73681.0,1700.14,1.3,,0.0,0.0,0.0,0.0,1.0,1.0,1.0,3.0
106,CB,Chubb Limited,Financials,Property & Casualty Insurance,40940000000.0,7160000000.0,82310000000.0,11.88,1.61,3.6,12.6,255201.0,195.49,0.67,1.69,0.0,1.0,1.0,1.0,1.0,0.0,0.0,4.0
107,CHD,Church & Dwight,Consumer Staples,Household Products,5300000000.0,780000000.0,19800000000.0,26.14,5.61,9.8,22.8,576790.0,80.37,0.35,1.28,0.0,0.0,0.0,0.0,1.0,0.0,0.0,1.0
108,CI,Cigna,Health Care,Managed Health Care,179180000000.0,5480000000.0,89100000000.0,17.54,2.02,3.6,11.8,516289.0,290.04,0.71,1.52,0.0,1.0,1.0,1.0,0.0,0.0,0.0,3.0
109,CINF,Cincinnati Financial,Financials,Property & Casualty Insurance,7140000000.0,542000000.0,15520000000.0,30.81,1.5,1.8,4.6,822078.0,99.38,0.55,2.78,0.0,0.0,0.0,0.0,0.0,0.0,1.0,1.0
110,CTAS,Cintas,Industrials,Diversified Support Services,7850000000.0,1230000000.0,41580000000.0,35.03,12.65,15.3,36.5,604336.0,408.64,1.43,1.13,0.0,0.0,0.0,1.0,1.0,1.0,1.0,4.0
111,CSCO,Cisco,Information Technology,Communications Equipment,51560000000.0,11810000000.0,178780000000.0,15.64,4.53,12.4,28.9,22908966.0,44.11,0.94,3.45,0.0,1.0,1.0,1.0,1.0,1.0,0.0,5.0
112,C,Citigroup,Financials,Diversified Banks,54260000000.0,15780000000.0,97020000000.0,6.41,0.55,0.7,8.6,6173552.0,49.67,1.59,4.01,0.0,1.0,1.0,1.0,0.0,0.0,0.0,3.0
113,CFG,Citizens Financial Group,Financials,Regional Banks,5260000000.0,1730000000.0,19150000000.0,9.9,0.86,0.9,8.1,851804.0,37.96,1.37,4.29,0.0,0.0,0.0,0.0,0.0,0.0,0.0,0.0
114,CTXS,Citrix,Information Technology,Application Software,3310000000.0,330400000.0,13140000000.0,39.87,15.93,4.8,54.3,1704371.0,103.53,0.08,1.43,,0.0,0.0,0.0,0.0,1.0,0.0,1.0
115,CLX,Clorox,Consumer Staples,Household Products,7110000000.0,462000000.0,17940000000.0,39.72,32.83,7.4,112.9,187467.0,145.67,0.17,3.19,0.0,0.0,0.0,0.0,0.0,1.0,1.0,2.0
116,CME,CME Group,Financials,Financial Exchanges & Data,4840000000.0,2890000000.0,70150000000.0,24.13,2.49,1.5,10.5,1926976.0,194.08,0.4,2.06,0.5,0.0,0.0,1.0,0.0,0.0,1.0,2.5
117,CMS,CMS Energy,Utilities,Multi-Utilities,8050000000.000001,715000000.0,20280000000.0,28.47,3.06,4.5,20.6,283072.0,69.11,0.28,2.62,0.0,0.0,0.0,0.0,1.0,1.0,1.0,3.0
118,KO,The Coca-Cola Company,Consumer Staples,Soft Drinks,41320000000.0,9570000000.0,269420000000.00003,28.41,11.77,10.3,41.2,3785731.0,61.47,0.55,2.82,0.0,0.0,1.0,1.0,1.0,0.0,1.0,4.0
119,CTSH,Cognizant,Information Technology,IT Consulting & Other Services,19250000000.0,2260000000.0,32140000000.0,14.59,2.73,13.0,19.0,3803916.0,62.83,1.06,1.72,0.0,0.0,0.0,0.0,1.0,0.0,0.0,1.0
120,CL,Colgate-Palmolive,Consumer Staples,Household Products,17700000000.0,1940000000.0,64819999999.99999,33.8,389.5,12.5,460.4,1052441.0,76.47,0.47,2.41,0.0,0.0,0.0,0.0,1.0,1.0,1.0,3.0
121,CMCSA,Comcast,Communication Services,Cable & Satellite,121660000000.0,14040000000.0,146590000000.0,10.92,1.63,5.1,14.9,35709448.0,33.46,0.91,3.23,0.0,1.0,1.0,0.0,0.0,1.0,0.0,3.0
122,CMA,Comerica,Financials,Diversified Banks,2010000000.0,913000000.0,11160000000.0,12.44,1.85,1.0,13.2,449124.0,83.84,1.28,3.19,0.0,0.0,0.0,0.0,0.0,0.0,0.0,0.0
123,CAG,Conagra Brands,Consumer Staples,Packaged Foods & Meats,11540000000.0,888200000.0,16629999999.999998,18.82,1.89,3.9,10.2,433015.0,34.33,0.56,3.81,0.0,0.0,0.0,0.0,0.0,0.0,0.0,0.0
124,COP,ConocoPhillips,Energy,Oil & Gas Exploration & Production,65370000000.00001,15910000000.0,140880000000.0,9.42,2.94,17.4,33.7,1769830.0,113.19,1.31,3.88,0.5,1.0,1.0,1.0,1.0,1.0,0.0,5.5
125,ED,Consolidated Edison,Utilities,Electric Utilities,14500000000.0,1620000000.0,36070000000.0,22.31,1.77,2.5,8.0,372023.0,100.55,0.25,3.1,0.0,1.0,1.0,0.0,0.0,0.0,0.0,2.0
126,STZ,Constellation Brands,Consumer Staples,Distillers & Vintners,9160000000.0,1260000000.0,47100000000.0,40.46,4.16,4.9,11.1,272124.0,241.93,1.01,1.29,0.0,0.0,0.0,0.0,0.0,0.0,1.0,1.0
127,CEG,Constellation Energy,Utilities,Multi-Utilities,19680000000.0,,28030000000.0,,2.57,,,1939411.0,86.38,,0.65,0.5,1.0,0.0,0.0,0.0,0.0,0.0,1.5
128,COO,CooperCompanies,Health Care,Health Care Supplies,3220000000.0,430600000.0,15390000000.0,36.88,2.22,3.9,6.2,75200.0,308.8,0.94,0.02,0.0,0.0,0.0,0.0,0.0,0.0,1.0,1.0
129,CPRT,Copart,Industrials,Diversified Support Services,3500000000.0,1090000000.0,25980000000.0,24.35,6.01,21.7,27.7,1704839.0,110.15,1.15,,0.0,0.0,0.0,0.0,1.0,1.0,0.0,2.0
130,GLW,Corning Inc.,Information Technology,Electronic Components,14590000000.0,2000000000.0,28550000000.0,14.75,2.47,6.7,16.5,1420882.0,33.17,1.0,3.15,0.0,0.0,0.0,0.0,0.0,0.0,0.0,0.0
131,CTVA,Corteva,Materials,Fertilizers & Agricultural Chemicals,16700000000.0,1760000000.0,44290000000.0,25.73,1.74,4.1,6.8,1715655.0,63.37,0.7,0.97,0.0,0.0,0.0,1.0,0.0,0.0,0.0,1.0
132,COST,Costco,Consumer Staples,Hypermarkets & Super Centers,217540000000.0,5650000000.0,224810000000.0,40.19,11.34,9.0,29.9,2854161.0,510.3,0.69,0.71,0.0,1.0,1.0,1.0,1.0,0.0,1.0,5.0
133,CTRA,Coterra,Energy,Oil & Gas Exploration & Production,6920000000.0,2830000000.0,23880000000.0,8.59,2.02,17.3,29.9,1637439.0,30.6,0.06,1.96,0.5,0.0,0.0,0.0,1.0,1.0,0.0,2.5
134,CCI,Crown Castle,Real Estate,Specialized REITs,6750000000.0,1550000000.0,76430000000.0,49.64,9.74,4.0,18.9,312730.0,172.11,0.62,3.33,0.0,1.0,1.0,1.0,0.0,1.0,0.0,4.0
135,CSX,CSX,Industrials,Railroads,13950000000.0,3940000000.0,67150000000.00001,17.63,5.19,9.8,29.7,14071424.0,31.56,1.2,1.27,0.0,0.0,1.0,1.0,1.0,1.0,0.0,4.0
136,CMI,Cummins,Industrials,Industrial Machinery,24790000000.0,2050000000.0,30440000000.0,15.37,3.55,8.6,24.3,116587.0,214.8,1.03,2.86,0.0,1.0,1.0,0.0,0.0,1.0,0.0,3.0
137,CVS,CVS Health,Health Care,Health Care Services,307860000000.0,8170000000.0,135419999999.99998,16.75,1.8,3.5,10.9,837436.0,101.88,0.72,2.14,0.0,1.0,1.0,1.0,0.0,0.0,0.0,3.0
138,DHI,D.R. Horton,Consumer Discretionary,Homebuilding,31950000000.0,5560000000.0,25290000000.0,4.76,1.44,21.3,34.0,1341719.0,70.9,1.6,1.22,0.0,0.0,1.0,0.0,1.0,1.0,0.0,3.0
139,DHR,Danaher Corporation,Health Care,Health Care Equipment,30820000000.0,6210000000.0,211810000000.0,34.56,4.75,7.5,14.6,452471.0,284.76,0.89,0.34,0.0,0.0,1.0,1.0,0.0,0.0,1.0,3.0
140,DRI,Darden Restaurants,Consumer Discretionary,Restaurants,9630000000.0,954700000.0,16320000000.0,18.03,7.57,9.2,39.0,252632.0,130.25,1.3,3.62,0.0,0.0,0.0,0.0,1.0,1.0,0.0,2.0
141,DVA,DaVita Inc.,Health Care,Health Care Facilities,11630000000.0,834200000.0,8570000000.0,11.81,14.89,4.8,99.5,176733.0,93.38,1.14,,0.0,0.0,0.0,0.0,0.0,1.0,0.0,1.0
142,DE,John Deere,Industrials,Agricultural & Farm Machinery,48040000000.0,6170000000.0,111750000000.0,18.68,5.98,7.4,33.3,287088.0,369.18,1.06,1.21,0.0,1.0,1.0,1.0,0.0,1.0,0.0,4.0
143,DAL,Delta Air Lines,Industrials,Airlines,41800000000.0,599000000.0,20900000000.0,36.03,5.55,0.8,18.0,3367100.0,31.98,1.19,,0.0,1.0,0.0,0.0,0.0,0.0,1.0,2.0
144,XRAY,Dentsply Sirona,Health Care,Health Care Supplies,4190000000.000001,369000000.0,7050000000.0,19.59,1.42,4.5,8.3,1724748.0,32.93,0.93,1.52,0.0,0.0,0.0,0.0,0.0,0.0,0.0,0.0
145,DVN,Devon Energy,Energy,Oil & Gas Exploration & Production,17180000000.0,5210000000.0,46890000000.0,9.02,4.6,23.9,55.4,4216434.0,69.86,2.48,6.55,0.5,0.0,0.0,0.0,1.0,1.0,0.0,2.5
146,DXCM,Dexcom,Health Care,Health Care Equipment,2670000000.0,199700000.0,34530000000.0,188.12,15.51,4.0,9.3,2850128.0,89.17,1.06,,0.0,0.0,0.0,0.0,0.0,0.0,1.0,1.0
147,FANG,Diamondback Energy,Energy,Oil & Gas Exploration & Production,9110000000.0,3830000000.0,23550000000.0,6.29,1.79,16.6,30.9,1933232.0,134.71,2.05,2.23,0.0,0.0,0.0,0.0,1.0,1.0,0.0,2.0
148,DLR,Digital Realty,Real Estate,Specialized REITs,4510000000.0,1300000000.0,35900000000.0,27.81,2.2,3.6,7.7,392189.0,121.71,0.34,3.85,0.0,1.0,1.0,1.0,0.0,0.0,0.0,3.0
149,DFS,Discover Financial,Financials,Consumer Finance,11070000000.0,4430000000.0,27810000000.0,6.72,2.27,4.0,35.7,392644.0,100.29,1.42,2.32,0.0,0.0,1.0,0.0,1.0,1.0,0.0,3.0
150,DISH,Dish Network,Communication Services,Cable & Satellite,17440000000.0,2060000000.0,9580000000.0,5.66,0.59,4.4,13.1,3343021.0,18.33,1.82,,0.0,0.0,0.0,0.0,0.0,1.0,0.0,1.0
151,DIS,Disney,Communication Services,Movies & Entertainment,81110000000.0,3190000000.0,206940000000.0,66.62,2.29,1.5,3.5,3807333.0,111.67,1.21,,0.0,1.0,0.0,1.0,0.0,0.0,1.0,3.0
152,DG,Dollar General,Consumer Discretionary,General Merchandise Stores,35350000000.0,2320000000.0,55780000000.0,24.62,9.04,8.6,37.6,354713.0,243.2,0.41,0.89,0.0,1.0,0.0,0.0,0.0,1.0,0.0,2.0
153,DLTR,Dollar Tree,Consumer Discretionary,General Merchandise Stores,27170000000.0,1570000000.0,30740000000.0,20.03,3.7,7.1,19.8,2778184.0,138.5,0.74,,0.0,0.0,0.0,0.0,0.0,1.0,0.0,1.0
154,D,Dominion Energy,Utilities,Electric Utilities,14930000000.0,1560000000.0,69770000000.0,44.11,2.6,2.1,8.5,693894.0,83.39,0.42,3.17,0.0,1.0,1.0,1.0,0.0,0.0,1.0,4.0
155,DPZ,Domino's,Consumer Discretionary,Restaurants,4420000000.0,469500000.0,12890000000.0,28.37,,27.7,-11.2,176408.0,351.81,0.6,1.21,0.0,0.0,0.0,0.0,1.0,0.0,1.0,2.0
156,DOV,Dover Corporation,Industrials,Industrial Machinery,8220000000.000001,1140000000.0,18500000000.0,16.59,4.28,11.0,27.2,297755.0,127.8,1.39,1.55,0.0,0.0,0.0,0.0,1.0,1.0,0.0,2.0
157,DOW,Dow Inc.,Materials,Commodity Chemicals,60130000000.0,6620000000.0,35770000000.0,5.71,1.95,10.6,36.5,3251671.0,48.69,1.35,5.5,0.0,1.0,1.0,1.0,1.0,1.0,0.0,5.0
158,DTE,DTE Energy,Utilities,Multi-Utilities,17860000000.0,788000000.0,26180000000.0,33.47,3.06,1.9,8.8,237870.0,134.52,0.61,2.6,0.0,1.0,0.0,0.0,0.0,0.0,1.0,2.0
159,DUK,Duke Energy,Utilities,Electric Utilities,27010000000.0,3800000000.0,84850000000.0,22.44,1.79,2.2,8.0,380255.0,109.72,0.35,3.63,0.0,1.0,1.0,1.0,0.0,0.0,0.0,3.0
160,DRE,Duke Realty,Real Estate,Industrial REITs,1110000000.0,947800000.0,23340000000.0,24.75,3.75,9.0,15.5,479899.0,59.48,0.73,1.82,0.0,0.0,0.0,0.0,1.0,1.0,0.0,2.0
161,DD,DuPont,Materials,Specialty Chemicals,15140000000.0,1230000000.0,29340000000.0,24.9,1.18,4.1,7.1,924379.0,57.68,1.44,2.22,0.0,0.0,0.0,0.0,0.0,0.0,0.0,0.0
162,DXC,DXC Technology,Information Technology,IT Consulting & Other Services,15830000000.0,542000000.0,6480000000.0,12.86,1.4,2.7,11.2,956353.0,27.55,2.08,,0.5,0.0,0.0,0.0,0.0,0.0,0.0,0.5
163,EMN,Eastman Chemical Company,Materials,Diversified Chemicals,10910000000.0,1220000000.0,11430000000.0,10.34,2.22,7.8,21.2,609780.0,88.12,1.44,3.2,0.0,0.0,0.0,0.0,0.0,0.0,0.0,0.0
164,ETN,Eaton Corporation,Industrials,Electrical Components & Equipment,19780000000.0,2310000000.0,57800000000.0,25.63,3.6,6.7,14.2,370727.0,144.04,1.2,2.19,0.0,0.0,1.0,1.0,0.0,0.0,1.0,3.0
165,EBAY,eBay,Consumer Discretionary,Internet & Direct Marketing Retail,10020000000.0,2485000000.0,23290000000.0,,4.54,1.5,4.6,6283173.0,42.79,1.23,2.06,0.0,0.0,0.0,0.0,0.0,1.0,0.0,1.0
166,ECL,Ecolab,Materials,Specialty Chemicals,13530000000.0,1110000000.0,49350000000.0,45.61,7.03,5.4,15.6,456598.0,168.03,1.01,1.17,0.0,0.0,0.0,1.0,0.0,0.0,1.0,2.0
167,EIX,Edison International,Utilities,Electric Utilities,16610000000.0,507000000.0,26900000000.0,53.43,1.96,0.7,3.9,559097.0,70.05,0.68,3.94,0.0,1.0,0.0,0.0,0.0,0.0,1.0,2.0
168,EW,Edwards Lifesciences,Health Care,Health Care Equipment,5360000000.0,1460000000.0,59280000000.0,42.13,10.17,17.4,25.1,508628.0,94.36,1.14,,0.0,0.0,0.0,0.0,1.0,0.0,1.0,2.0
169,EA,Electronic Arts,Communication Services,Interactive Home Entertainment,7210000000.0,896000000.0,34960000000.0,40.44,4.66,6.6,11.7,2829877.0,127.59,0.84,0.6,0.5,0.0,0.0,0.0,1.0,0.0,1.0,2.5
170,ELV,Elevance Health,Health Care,Managed Health Care,149130000000.0,6100000000.0,117460000000.0,19.79,3.32,6.2,17.0,153230.0,483.5,0.89,1.04,0.0,1.0,1.0,1.0,0.0,0.0,0.0,3.0
171,LLY,Eli Lilly and Company,Health Care,Pharmaceuticals,29070000000.0,5690000000.0,297440000000.0,50.3,33.22,11.9,65.8,693730.0,308.3,0.38,1.24,0.0,0.0,1.0,1.0,1.0,1.0,1.0,5.0
172,EMR,Emerson Electric,Industrials,Electrical Components & Equipment,19220000000.0,3160000000.0,49970000000.0,16.18,4.92,10.7,30.8,406783.0,83.41,1.42,2.41,0.0,0.0,1.0,1.0,1.0,1.0,0.0,4.0
173,ENPH,Enphase,Information Technology,Electronic Components,1740000000.0,203200000.0,40950000000.0,215.44,91.47,9.0,43.7,4428674.0,305.5,1.44,,0.5,0.0,0.0,0.0,0.0,1.0,1.0,2.5
174,ETR,Entergy,Utilities,Electric Utilities,12350000000.0,1230000000.0,24520000000.0,20.2,2.12,2.1,10.6,204971.0,119.91,0.57,3.31,0.0,0.0,0.0,0.0,0.0,0.0,0.0,0.0
175,EOG,EOG Resources,Energy,Oil & Gas Exploration & Production,22110000000.0,5710000000.0,71050000000.0,12.97,3.3,15.1,26.0,1049904.0,124.97,1.54,2.37,0.5,0.0,0.0,0.0,1.0,1.0,1.0,3.5
176,EPAM,EPAM Systems,Information Technology,IT Consulting & Other Services,4460000000.0,366300000.0,24950000000.0,70.85,9.58,10.6,14.6,78994.0,425.13,1.66,,0.0,0.0,0.0,0.0,0.0,0.0,1.0,1.0
177,EFX,Equifax,Industrials,Research & Consulting Services,5160000000.0,749900000.0,24210000000.0,32.73,6.39,6.7,20.3,185687.0,192.73,1.52,0.79,0.0,0.0,0.0,0.0,0.0,1.0,1.0,2.0
178,EQIX,Equinix,Real Estate,Specialized REITs,6930000000.0,639300000.0,57290000000.0,90.57,5.45,2.3,5.9,381743.0,636.27,0.5,1.95,0.0,1.0,0.0,1.0,0.0,0.0,1.0,3.0
179,EQR,Equity Residential,Real Estate,Residential REITs,2610000000.0,1250000000.0,29010000000.0,23.27,2.69,6.0,11.6,284543.0,75.27,0.84,3.22,0.0,0.0,1.0,0.0,1.0,0.0,0.0,2.0
180,ESS,Essex Property Trust,Real Estate,Residential REITs,1520000000.0,385600000.0,17940000000.0,47.08,3.12,3.0,6.5,158134.0,267.47,0.81,3.16,0.0,0.0,0.0,0.0,0.0,0.0,0.0,0.0
181,EL,The Estée Lauder Companies,Consumer Staples,Personal Products,17740000000.0,2390000000.0,89370000000.0,39.1,16.35,11.1,39.8,302747.0,247.74,0.99,0.94,0.0,0.0,0.0,1.0,1.0,0.0,1.0,3.0
182,ETSY,Etsy,Consumer Discretionary,Internet & Direct Marketing Retail,2410000000.0,405600000.0,13120000000.0,38.36,23.43,11.2,67.9,2550390.0,107.06,1.85,,0.5,0.0,0.0,0.0,1.0,1.0,1.0,3.5
183,RE,Everest Re,Financials,Reinsurance,12100000000.0,766500000.0,11260000000.0,14.33,1.24,2.0,8.0,42794.0,280.86,0.53,2.33,0.0,0.0,0.0,0.0,0.0,0.0,0.0,0.0
184,EVRG,Evergy,Utilities,Electric Utilities,5410000000.0,819800000.0,16250000000.0,19.89,1.75,2.9,8.8,170789.0,69.85,0.49,3.23,0.0,0.0,0.0,0.0,1.0,0.0,0.0,1.0
185,ES,Eversource,Utilities,Multi-Utilities,11040000000.0,1330000000.0,31990000000.0,24.12,2.13,2.7,9.0,431659.0,90.83,0.45,2.76,0.0,0.0,0.0,0.0,0.0,0.0,0.0,0.0
186,EXC,Exelon,Utilities,Multi-Utilities,28110000000.0,2540000000.0,43480000000.0,17.01,1.83,2.4,9.2,7918594.0,44.02,0.5,3.07,0.0,1.0,1.0,1.0,0.0,0.0,0.0,3.0
187,EXPE,Expedia Group,Consumer Discretionary,Internet & Direct Marketing Retail,10670000000.0,331000000.0,16649999999.999998,51.59,8.91,1.4,17.3,2521589.0,108.19,1.6,,0.0,0.0,0.0,0.0,0.0,1.0,1.0,2.0
188,EXPD,Expeditors International,Industrials,Air Freight & Logistics,18980000000.0,1540000000.0,16149999999.999998,11.01,4.67,20.5,43.0,1765743.0,99.79,0.86,1.34,0.0,0.0,0.0,0.0,1.0,1.0,0.0,2.0
189,EXR,Extra Space Storage,Real Estate,Specialized REITs,1760000000.0,891200000.0,27000000000.0,30.09,8.38,8.5,28.5,227905.0,194.01,0.49,3.0,0.0,0.0,0.0,0.0,1.0,1.0,0.0,2.0
190,XOM,ExxonMobil,Energy,Integrated Oil & Gas,352200000000.0,38900000000.0,400100000000.0,10.68,2.33,11.1,23.1,5322369.0,96.37,1.06,3.61,0.0,1.0,1.0,1.0,0.0,1.0,0.0,4.0
191,FFIV,"F5, Inc.",Information Technology,Communications Equipment,2680000000.0,343500000.0,9130000000.0,27.94,4.03,6.8,14.5,437646.0,156.06,1.16,,0.0,0.0,0.0,0.0,0.0,0.0,0.0,0.0
192,FDS,FactSet,Financials,Financial Exchanges & Data,1760000000.0,393600000.0,17190000000.0,44.88,13.68,14.4,34.2,45685.0,450.29,0.78,0.78,0.0,0.0,0.0,0.0,1.0,1.0,1.0,3.0
193,FAST,Fastenal,Industrials,Building Products,6570000000.0,1030000000.0,27830000000.0,26.89,8.7,23.5,33.5,4359574.0,48.02,1.19,2.58,0.0,0.0,0.0,0.0,1.0,1.0,1.0,3.0
194,FRT,Federal Realty,Real Estate,Retail REITs,1020000000.0,271500000.0,8390000000.000001,30.27,3.16,3.5,11.0,135368.0,101.54,1.14,4.11,0.0,0.0,0.0,0.0,0.0,0.0,0.0,0.0
195,FDX,FedEx,Industrials,Air Freight & Logistics,93510000000.0,3820000000.0,53930000000.0,14.81,2.23,4.5,15.5,384642.0,208.21,1.21,2.15,0.0,1.0,1.0,1.0,0.0,0.0,0.0,3.0
196,FITB,Fifth Third Bank,Financials,Regional Banks,5340000000.0,2310000000.0,23490000000.0,10.57,1.43,1.1,12.3,4094869.0,34.98,1.26,3.43,0.0,0.0,0.0,0.0,0.0,0.0,0.0,0.0
197,FRC,First Republic Bank,Financials,Regional Banks,4790000000.0,1470000000.0,28530000000.0,19.55,2.23,0.8,11.9,345223.0,153.34,1.11,0.68,0.0,0.0,0.0,0.0,0.0,0.0,1.0,1.0
198,FE,FirstEnergy,Utilities,Electric Utilities,11590000000.0,1320000000.0,23590000000.0,17.57,2.2,3.0,15.3,784616.0,41.26,0.44,3.74,0.0,0.0,0.0,0.0,1.0,1.0,0.0,2.0
199,FIS,FIS,Information Technology,Data Processing & Outsourced Services,14390000000.0,846000000.0,55530000000.0,67.57,1.22,1.0,1.8,830084.0,91.03,0.78,2.02,0.0,0.0,0.0,0.0,0.0,0.0,1.0,1.0
200,FISV,Fiserv,Information Technology,Data Processing & Outsourced Services,17010000000.000002,2030000000.0,66140000000.0,34.42,2.2,2.7,6.5,5658772.0,105.92,0.88,,0.0,0.0,0.0,0.0,0.0,0.0,0.0,0.0
201,FLT,Fleetcor,Information Technology,Data Processing & Outsourced Services,3210000000.0,939100000.0,16219999999.999998,19.13,6.37,6.7,32.3,88425.0,215.48,1.2,,0.0,0.0,0.0,0.0,0.0,1.0,0.0,1.0
202,FMC,FMC Corporation,Materials,Fertilizers & Agricultural Chemicals,5410000000.0,762500000.0,13900000000.0,18.91,4.59,6.4,22.6,195455.0,111.36,0.85,1.88,0.0,0.0,0.0,0.0,0.0,0.0,0.0,0.0
203,F,Ford Motor Company,Consumer Discretionary,Automobile Manufacturers,148030000000.0,11670000000.0,62680000000.0,5.41,1.42,4.6,26.8,30691931.0,14.94,1.29,3.86,0.5,1.0,1.0,0.0,0.0,1.0,0.0,3.5
204,FTNT,Fortinet,Information Technology,Systems Software,3820000000.0,674000000.0,39250000000.0,63.64,,11.8,156.3,7657117.0,51.87,1.21,,0.0,0.0,0.0,0.0,0.0,1.0,1.0,2.0
205,FTV,Fortive,Industrials,Industrial Machinery,5520000000.0,658600000.0,23530000000.0,36.91,2.53,4.1,6.9,435441.0,65.42,1.15,0.42,0.0,0.0,0.0,0.0,0.0,0.0,1.0,1.0
206,FBHS,Fortune Brands Home & Security,Industrials,Building Products,7980000000.0,750300000.0,8180000000.0,11.73,2.86,9.3,25.0,534852.0,61.64,1.57,1.73,0.0,0.0,0.0,0.0,1.0,1.0,0.0,2.0
207,FOXA,Fox Corporation (Class A),Communication Services,Movies & Entertainment,13970000000.0,1210000000.0,17650000000.0,15.89,1.64,5.3,10.7,1939020.0,33.49,0.88,1.49,0.0,0.0,0.0,0.0,1.0,0.0,0.0,1.0
208,FOX,Fox Corporation (Class B),Communication Services,Movies & Entertainment,13830000000.0,,17810000000.0,12.31,1.69,,,1699375.0,31.1,,1.55,0.0,0.0,0.0,0.0,0.0,0.0,0.0,0.0
209,BEN,Franklin Templeton,Financials,Asset Management & Custody Banks,8520000000.0,1650000000.0,13270000000.0,7.93,1.13,6.4,14.4,1145818.0,25.2,1.21,4.34,0.0,0.0,0.0,0.0,1.0,0.0,0.0,1.0
210,FCX,Freeport-McMoRan,Materials,Copper,24270000000.0,4860000000.0,43760000000.0,9.74,3.13,10.0,34.1,6424779.0,31.61,2.01,1.87,0.0,1.0,1.0,1.0,1.0,0.0,0.0,4.0
211,GRMN,Garmin,Consumer Discretionary,Consumer Electronics,5000000000.0,1010000000.0,17740000000.0,17.71,3.06,13.1,16.9,215096.0,90.46,0.98,3.14,0.0,0.0,0.0,0.0,1.0,1.0,0.0,2.0
212,IT,Gartner,Information Technology,IT Consulting & Other Services,5100000000.0,735700000.0,24020000000.0,35.14,,10.5,432.2,185528.0,302.23,1.4,,0.0,0.0,0.0,0.0,0.0,1.0,0.0,1.0
213,GNRC,Generac,Industrials,Electrical Components & Equipment,4440000000.0,500100000.0,14560000000.0,30.05,6.12,10.2,22.9,469929.0,222.07,1.33,,0.0,0.0,0.0,0.0,1.0,1.0,1.0,3.0
214,GD,General Dynamics,Industrials,Aerospace & Defense,38440000000.0,3310000000.0,63470000000.0,19.93,3.74,6.5,19.2,213490.0,230.18,0.85,2.14,0.0,1.0,1.0,1.0,0.0,0.0,0.0,3.0
215,GE,General Electric,Industrials,Industrial Conglomerates,74480000000.0,4423000000.0,82290000000.0,,2.39,-2.3,-12.3,2198204.0,71.86,1.11,0.42,0.0,1.0,1.0,1.0,0.0,0.0,0.0,3.0
216,GIS,General Mills,Consumer Staples,Packaged Foods & Meats,18990000000.0,2710000000.0,45200000000.0,17.22,4.36,8.5,27.4,734676.0,75.35,0.32,2.84,0.0,0.0,0.0,0.0,1.0,0.0,0.0,1.0
217,GM,General Motors,Consumer Discretionary,Automobile Manufacturers,132100000000.0,7720000000.0,60140000000.0,7.99,0.96,3.1,12.9,4763217.0,41.05,1.24,0.86,0.5,1.0,1.0,0.0,0.0,1.0,0.0,3.5
218,GPC,Genuine Parts Company,Consumer Discretionary,Specialty Stores,20520000000.0,1100000000.0,22950000000.0,21.13,6.35,7.3,31.7,193201.0,160.7,0.98,2.19,0.0,0.0,0.0,0.0,0.0,1.0,0.0,1.0
219,GILD,Gilead Sciences,Health Care,Biotechnology,27520000000.0,4140000000.0,78320000000.0,19.85,4.04,6.3,20.0,11745328.0,65.1,0.33,4.49,0.5,0.0,1.0,1.0,0.0,0.0,0.0,2.5
220,GL,Globe Life,Financials,Life & Health Insurance,5190000000.0,708200000.0,9900000000.0,14.72,1.91,2.5,9.6,82256.0,102.5,0.88,0.8,0.0,0.0,0.0,0.0,0.0,0.0,0.0,0.0
221,GPN,Global Payments,Information Technology,Data Processing & Outsourced Services,8830000000.0,76900000.0,37560000000.0,741.63,1.6,0.2,0.3,1726053.0,132.76,1.03,0.73,0.0,0.0,0.0,0.0,0.0,0.0,1.0,1.0
222,GS,Goldman Sachs,Financials,Investment Banking & Brokerage,58310000000.0,15710000000.0,115320000000.0,7.75,1.13,1.0,15.4,617319.0,332.52,1.36,2.92,0.0,1.0,1.0,1.0,0.0,0.0,0.0,3.0
223,HAL,Halliburton,Energy,Oil & Gas Equipment & Services,17500000000.0,1430000000.0,26300000000.0,18.97,3.84,6.5,21.6,2594665.0,29.64,2.11,1.59,0.0,0.0,0.0,0.0,0.0,1.0,1.0,2.0
224,HIG,Hartford (The),Financials,Property & Casualty Insurance,22270000000.0,2080000000.0,21700000000.0,11.15,1.6,2.8,12.9,351723.0,66.83,0.91,2.27,0.0,1.0,0.0,0.0,0.0,0.0,0.0,1.0
225,HAS,Hasbro,Consumer Discretionary,Leisure Products,6490000000.0,538600000.0,10900000000.0,20.6,3.72,5.5,17.8,785710.0,79.89,0.76,3.5,0.0,0.0,0.0,0.0,0.0,1.0,0.0,1.0
226,HCA,HCA Healthcare,Health Care,Health Care Facilities,60100000000.0,6510000000.0,62810000000.0,10.69,,12.8,-354.8,315318.0,215.75,1.73,1.01,0.0,1.0,1.0,0.0,1.0,0.0,0.0,3.0
227,PEAK,Healthpeak,Real Estate,Health Care REITs,1980000000.0,213100000.0,14480000000.0,69.72,2.36,1.5,3.4,763795.0,26.94,0.78,4.36,0.0,0.0,0.0,0.0,0.0,0.0,0.0,0.0
228,HSIC,Henry Schein,Health Care,Health Care Distributors,12720000000.0,650500000.0,9810000000.0,15.61,2.77,7.7,18.5,511471.0,72.59,0.76,,0.0,0.0,0.0,0.0,0.0,0.0,0.0,0.0
229,HSY,Hershey's,Consumer Staples,Packaged Foods & Meats,9720000000.0,1630000000.0,46410000000.0,31.73,16.15,15.9,58.8,216686.0,225.18,0.34,1.82,0.0,0.0,0.0,0.0,1.0,1.0,1.0,3.0
230,HES,Hess Corporation,Energy,Integrated Oil & Gas,9260000000.0,1460000000.0,37890000000.0,26.92,5.51,7.2,23.1,744795.0,125.99,1.55,1.18,0.5,0.0,0.0,0.0,0.0,1.0,1.0,2.5
231,HPE,Hewlett Packard Enterprise,Information Technology,"Technology Hardware, Storage & Peripherals",27980000000.0,3730000000.0,17610000000.0,4.92,0.87,6.5,18.3,2557991.0,13.37,1.16,3.49,0.0,1.0,0.0,0.0,0.0,0.0,0.0,1.0
232,HLT,Hilton Worldwide,Consumer Discretionary,"Hotels, Resorts & Cruise Lines",7550000000.0,968000000.0,36670000000.0,39.67,,6.3,-112.7,678077.0,131.88,1.25,0.44,0.0,0.0,0.0,0.0,0.0,0.0,1.0,1.0
233,HOLX,Hologic,Health Care,Health Care Equipment,5230000000.0,1510000000.0,16800000000.0,11.46,3.41,16.3,32.6,1845895.0,68.02,1.05,,0.0,0.0,0.0,0.0,1.0,0.0,0.0,1.0
234,HD,The Home Depot,Consumer Discretionary,Home Improvement Retail,155240000000.0,16890000000.0,304730000000.0,18.28,1293.65,22.7,,1386873.0,284.62,0.99,2.55,0.0,1.0,1.0,1.0,1.0,0.0,0.0,4.0
235,HON,Honeywell,Industrials,Industrial Conglomerates,34460000000.0,5080000000.0,124400000000.0,25.23,7.16,8.0,28.1,4831972.0,184.98,1.06,2.12,0.0,1.0,1.0,1.0,0.0,1.0,1.0,5.0
236,HRL,Hormel Foods,Consumer Staples,Packaged Foods & Meats,12630000000.0,1000000000.0,25700000000.0,25.78,3.49,7.7,13.9,357442.0,46.52,0.11,2.21,0.0,0.0,0.0,0.0,0.0,0.0,0.0,0.0
237,HST,Host Hotels & Resorts,Real Estate,Hotel & Resort REITs,4300000000.0,572000000.0,12810000000.0,23.14,1.95,4.7,8.8,1950152.0,18.04,1.23,2.6,0.0,0.0,0.0,0.0,1.0,0.0,0.0,1.0
238,HWM,Howmet Aerospace,Industrials,Aerospace & Defense,5290000000.0,380000000.0,15140000000.0,41.41,4.59,3.7,11.1,438606.0,35.78,1.6,0.22,0.0,0.0,0.0,0.0,0.0,0.0,1.0,1.0
239,HPQ,HP Inc.,Information Technology,"Technology Hardware, Storage & Peripherals",64860000000.0,6300000000.0,27910000000.0,4.97,,16.1,-307.7,3272168.0,27.23,0.97,3.51,0.0,1.0,1.0,0.0,1.0,0.0,0.0,3.0
240,HUM,Humana,Health Care,Managed Health Care,89380000000.0,3140000000.0,62530000000.0,19.84,3.97,6.9,19.9,185793.0,473.74,0.78,0.65,0.0,1.0,0.0,0.0,0.0,0.0,0.0,1.0
241,HBAN,Huntington Bancshares,Financials,Regional Banks,4910000000.0,1650000000.0,19770000000.0,12.47,1.28,0.9,10.0,22498602.0,14.02,1.19,4.42,0.0,0.0,0.0,0.0,0.0,0.0,0.0,0.0
242,HII,Huntington Ingalls Industries,Industrials,Aerospace & Defense,10250000000.0,585000000.0,9260000000.0,16.14,3.19,5.5,21.7,114131.0,232.01,0.64,2.01,0.0,0.0,0.0,0.0,0.0,1.0,0.0,1.0
243,IBM,IBM,Information Technology,IT Consulting & Other Services,59680000000.0,5730000000.0,117350000000.0,20.7,6.07,,,1254425.0,128.87,0.84,5.05,0.0,1.0,1.0,0.0,0.0,0.0,0.0,2.0
244,IEX,IDEX Corporation,Industrials,Industrial Machinery,2970000000.0,512700000.00000006,15830000000.0,31.44,5.74,10.4,18.3,93467.0,207.32,1.05,1.14,0.0,0.0,0.0,0.0,1.0,0.0,1.0,2.0
245,IDXX,Idexx Laboratories,Health Care,Health Care Equipment,3310000000.0,664000000.0,28980000000.0,45.29,64.3,26.5,104.5,898265.0,350.43,1.17,,0.0,0.0,0.0,0.0,1.0,1.0,1.0,3.0
246,ITW,Illinois Tool Works,Industrials,Industrial Machinery,15190000000.0,2650000000.0,63480000000.0,24.61,19.08,16.7,75.2,257734.0,203.45,1.12,2.52,0.0,0.0,1.0,1.0,1.0,1.0,0.0,4.0
247,ILMN,Illumina,Health Care,Life Sciences Tools & Services,4690000000.0,20000000.0,30970000000.0,,2.99,-0.1,-0.2,1426014.0,199.12,1.16,,0.5,0.0,0.0,0.0,0.0,0.0,0.0,0.5
248,INCY,Incyte,Health Care,Biotechnology,3320000000.0,945000000.0,15520000000.0,16.03,3.7,19.4,25.4,1278010.0,68.14,0.67,,0.0,0.0,0.0,0.0,1.0,0.0,0.0,1.0
249,IR,Ingersoll Rand,Industrials,Industrial Machinery,5520000000.0,535600000.0,20400000000.0,39.81,2.38,4.5,7.5,494134.0,50.18,1.48,0.16,0.0,0.0,0.0,0.0,0.0,0.0,1.0,1.0
250,INTC,Intel,Information Technology,Semiconductors,73390000000.0,19110000000.0,119880000000.0,6.28,1.19,11.2,19.6,70975639.0,29.29,0.64,4.98,0.0,1.0,1.0,0.0,0.0,0.0,0.0,2.0
251,ICE,Intercontinental Exchange,Financials,Financial Exchanges & Data,9480000000.0,3370000000.0,58020000000.0,17.42,2.55,1.8,15.0,520383.0,101.21,0.89,1.46,0.0,0.0,0.0,1.0,0.0,0.0,0.0,1.0
252,IP,International Paper,Materials,Paper Packaging,20630000000.0,1420000000.0,15210000000.0,11.29,1.71,,,508887.0,41.17,0.9,4.39,0.0,1.0,0.0,0.0,0.0,0.0,0.0,1.0
253,IPG,The Interpublic Group of Companies,Communication Services,Advertising,10780000000.0,986800000.0,11070000000.0,11.79,3.34,5.4,29.0,658744.0,28.27,1.04,3.98,0.0,0.0,0.0,0.0,1.0,1.0,0.0,2.0
254,IFF,International Flavors & Fragrances,Materials,Specialty Chemicals,12630000000.0,635000000.0,29770000000.0,47.02,1.47,1.6,3.0,313563.0,113.47,1.03,2.77,0.0,0.0,0.0,0.0,0.0,0.0,1.0,1.0
255,INTU,Intuit,Information Technology,Application Software,12730000000.0,2070000000.0,119590000000.0,59.25,7.39,8.5,14.1,1683145.0,429.31,1.18,0.73,0.0,0.0,0.0,0.0,0.0,0.0,1.0,1.0
256,ISRG,Intuitive Surgical,Health Care,Health Care Equipment,5960000000.0,1430000000.0,75260000000.0,54.0,6.3,10.7,12.1,2359843.0,211.4,1.31,,0.0,0.0,0.0,0.0,1.0,0.0,1.0,2.0
257,IVZ,Invesco,Financials,Asset Management & Custody Banks,6670000000.0,1080000000.0,8000000000.0,7.68,0.73,3.4,9.6,2026454.0,17.11,1.28,4.21,0.0,0.0,0.0,0.0,1.0,0.0,0.0,1.0
258,IQV,IQVIA,Health Care,Life Sciences Tools & Services,14140000000.0,1160000000.0,41900000000.0,37.87,7.98,4.7,20.1,288624.0,217.49,1.35,,0.0,0.0,0.0,0.0,0.0,0.0,1.0,1.0
259,IRM,Iron Mountain,Real Estate,Specialized REITs,4830000000.0,371700000.0,15710000000.0,44.41,25.35,2.5,46.0,491549.0,54.81,0.78,4.38,0.0,1.0,0.0,0.0,0.0,1.0,0.0,2.0
260,JBHT,J.B. Hunt,Industrials,Trucking,13970000000.0,940700000.0,17700000000.0,19.27,5.36,13.6,29.8,807370.0,171.0,1.12,0.94,0.0,0.0,0.0,0.0,1.0,1.0,0.0,2.0
261,JKHY,Jack Henry & Associates,Information Technology,Data Processing & Outsourced Services,1940000000.0,362900000.0,14150000000.0,39.32,10.24,15.6,27.0,338587.0,194.1,0.65,1.01,0.0,0.0,0.0,0.0,1.0,1.0,0.0,2.0
262,J,Jacobs Solutions,Industrials,Construction & Engineering,14630000000.0,464200000.0,15660000000.0,34.75,2.69,3.1,7.7,61865.0,121.63,0.85,0.74,0.0,0.0,0.0,0.0,0.0,0.0,1.0,1.0
263,JNJ,Johnson & Johnson,Health Care,Pharmaceuticals,95590000000.0,18370000000.0,434660000000.0,24.08,5.7,10.2,24.9,1615807.0,162.52,0.61,2.73,0.0,1.0,1.0,1.0,1.0,0.0,0.0,4.0
264,JCI,Johnson Controls,Industrials,Building Products,24970000000.0,1040000000.0,40060000000.0,39.91,2.55,2.5,6.2,1119418.0,57.17,1.18,2.38,0.0,1.0,0.0,1.0,0.0,0.0,1.0,3.0
265,JPM,JPMorgan Chase,Financials,Diversified Banks,63640000000.0,37200000000.0,352460000000.0,9.68,1.41,1.0,14.6,4252534.0,117.5,1.09,3.32,0.0,1.0,1.0,1.0,0.0,0.0,0.0,3.0
266,JNPR,Juniper Networks,Information Technology,Communications Equipment,4930000000.0,390900000.0,9370000000.0,24.88,2.22,4.4,9.1,535775.0,28.5,0.86,2.86,0.0,0.0,0.0,0.0,0.0,0.0,0.0,0.0
267,K,Kellogg's,Consumer Staples,Packaged Foods & Meats,14580000000.0,1490000000.0,24600000000.0,16.76,6.03,8.0,39.5,480045.0,72.04,0.43,3.25,0.0,0.0,0.0,0.0,0.0,0.0,0.0,0.0
268,KDP,Keurig Dr Pepper,Consumer Staples,Soft Drinks,13270000000.0,2180000000.0,52940000000.0,24.71,2.1,4.3,8.7,6759476.0,37.69,0.65,1.99,0.0,0.0,0.0,0.0,0.0,0.0,0.0,0.0
269,KEY,KeyCorp,Financials,Regional Banks,4460000000.0,2140000000.0,17470000000.0,8.29,1.39,1.2,15.1,2913156.0,18.33,1.3,4.13,0.0,0.0,0.0,0.0,0.0,0.0,0.0,0.0
270,KEYS,Keysight,Information Technology,Electronic Equipment & Instruments,5270000000.0,1110000000.0,31150000000.0,28.81,7.93,14.2,29.0,170305.0,169.93,1.09,,0.0,0.0,0.0,0.0,1.0,1.0,0.0,2.0
271,KMB,Kimberly-Clark,Consumer Staples,Household Products,20130000000.0,1790000000.0,42400000000.0,24.05,72.11,9.9,312.5,213335.0,125.04,0.33,3.66,0.0,0.0,0.0,0.0,1.0,1.0,0.0,2.0
272,KIM,Kimco Realty,Real Estate,Retail REITs,1650000000.0,679500000.0,13570000000.0,18.57,1.4,3.7,6.9,1170475.0,21.49,1.38,3.95,0.0,0.0,0.0,0.0,0.0,0.0,0.0,0.0
273,KMI,Kinder Morgan,Energy,Oil & Gas Storage & Transportation,17690000000.0,2420000000.0,41770000000.0,17.55,1.39,3.5,7.9,4775930.0,18.43,0.91,5.92,0.0,0.0,0.0,0.0,0.0,1.0,1.0,2.0
274,KLAC,KLA Corporation,Information Technology,Semiconductor Equipment,9210000000.0,3320000000.0,48470000000.0,15.55,36.05,28.0,99.2,2309149.0,340.68,1.34,1.53,0.0,0.0,0.0,0.0,1.0,1.0,0.0,2.0
275,KHC,Kraft Heinz,Consumer Staples,Packaged Foods & Meats,25630000000.0,1280000000.0,42650000000.0,33.87,0.88,1.6,3.1,11726175.0,35.06,0.71,4.56,0.0,0.0,0.0,0.0,0.0,0.0,1.0,1.0
276,KR,Kroger,Consumer Staples,Food Retail,141190000000.0,2160000000.0,33670000000.0,17.45,3.88,3.3,17.4,2249282.0,50.1,0.47,2.06,0.0,1.0,0.0,0.0,0.0,0.0,0.0,1.0
277,LHX,L3Harris,Industrials,Aerospace & Defense,16820000000.0,1910000000.0,44460000000.0,24.19,2.36,5.5,9.9,385524.0,234.19,0.69,1.91,0.0,0.0,0.0,1.0,0.0,0.0,0.0,1.0
278,LH,LabCorp,Health Care,Health Care Services,15720000000.0,1990000000.0,21810000000.0,11.55,2.14,9.7,19.0,199442.0,231.73,1.07,1.19,0.0,0.0,0.0,0.0,1.0,0.0,0.0,1.0
279,LRCX,Lam Research,Information Technology,Semiconductor Equipment,17230000000.0,4610000000.0,58050000000.0,12.84,9.24,27.9,74.9,1879153.0,420.48,1.36,1.64,0.0,0.0,0.0,0.0,1.0,1.0,0.0,2.0
280,LW,Lamb Weston,Consumer Staples,Packaged Foods & Meats,4100000000.0,200900000.0,11500000000.0,58.1,32.15,4.8,52.0,426828.0,78.16,0.53,1.22,0.0,0.0,0.0,0.0,0.0,1.0,1.0,2.0
281,LVS,Las Vegas Sands,Consumer Discretionary,Casinos & Gaming,3850000000.0,1372000000.0,29210000000.0,,7.06,8.3,54.6,1281569.0,38.4,1.25,,0.0,0.0,0.0,0.0,0.0,1.0,0.0,1.0
282,LDOS,Leidos,Industrials,Diversified Support Services,14060000000.0,725000000.0,12990000000.0,18.73,3.29,5.5,17.7,80754.0,94.46,0.75,1.5,0.0,0.0,0.0,0.0,0.0,0.0,0.0,0.0
283,LEN,Lennar,Consumer Discretionary,Homebuilding,29940000000.0,4370000000.0,22480000000.0,5.5,1.08,13.2,20.9,679668.0,76.54,1.52,1.86,0.0,0.0,1.0,0.0,1.0,1.0,0.0,3.0
284,LNC,Lincoln Financial,Financials,Multi-line Insurance,19640000000.0,880000000.0,8460000000.000001,9.98,0.96,0.2,5.4,427815.0,50.22,1.87,3.48,0.0,1.0,0.0,0.0,0.0,0.0,0.0,1.0
285,LIN,Linde plc,Materials,Industrial Gases,32630000000.000004,3550000000.0,145180000000.0,42.71,3.72,4.4,8.3,523992.0,288.59,0.89,1.59,0.0,1.0,1.0,1.0,0.0,0.0,1.0,4.0
286,LYV,Live Nation Entertainment,Communication Services,Movies & Entertainment,11640000000.0,98500000.0,21340000000.0,,,-0.7,20.6,261880.0,91.35,1.31,,0.0,0.0,0.0,0.0,0.0,1.0,0.0,1.0
287,LKQ,LKQ Corporation,Consumer Discretionary,Distributors,13170000000.0,1210000000.0,13850000000.0,12.02,2.54,9.7,21.1,1535405.0,50.48,1.38,1.98,0.0,0.0,0.0,0.0,1.0,1.0,0.0,2.0
288,LMT,Lockheed Martin,Industrials,Aerospace & Defense,64170000000.0,4710000000.0,110510000000.0,24.22,9.73,9.1,44.8,317430.0,415.45,0.66,2.68,0.0,1.0,1.0,1.0,1.0,1.0,0.0,5.0
289,L,Loews Corporation,Financials,Multi-line Insurance,14010000000.0,1080000000.0,13800000000.0,13.34,0.93,1.4,6.4,143618.0,56.86,0.81,0.44,0.0,0.0,0.0,0.0,0.0,0.0,0.0,0.0
290,LOW,Lowe's,Consumer Discretionary,Home Improvement Retail,95390000000.0,8400000000.0,127320000000.0,16.27,,17.6,-154.7,1415724.0,197.98,1.21,2.03,0.0,1.0,1.0,1.0,1.0,0.0,0.0,4.0
291,LUMN,Lumen Technologies,Communication Services,Alternative Carriers,19020000000.0,2000000000.0,10100000000.0,5.2,0.83,3.4,16.8,10860688.0,9.39,0.97,9.93,0.0,0.0,0.0,0.0,0.0,1.0,0.0,1.0
292,LYB,LyondellBasell,Materials,Specialty Chemicals,53520000000.0,5450000000.0,27290000000.0,5.18,2.29,14.5,44.8,721196.0,81.87,1.26,5.58,0.0,1.0,1.0,0.0,1.0,1.0,0.0,4.0
293,MTB,M&T Bank,Financials,Regional Banks,4340000000.0,1440000000.0,33520000000.000004,18.71,1.42,0.9,8.0,283477.0,188.14,0.87,2.52,0.0,0.0,0.0,0.0,0.0,0.0,0.0,0.0
294,MRO,Marathon Oil,Energy,Oil & Gas Exploration & Production,7330000000.0,3100000000.0,17910000000.0,6.45,1.66,17.6,28.0,5875465.0,26.83,2.48,1.18,0.0,0.0,0.0,0.0,1.0,1.0,0.0,2.0
295,MPC,Marathon Petroleum,Energy,Oil & Gas Refining & Marketing,160800000000.0,8180000000.0,49060000000.0,6.75,2.02,9.0,31.2,1155889.0,98.46,1.69,2.32,0.0,1.0,1.0,0.0,0.0,1.0,0.0,3.0
296,MKTX,MarketAxess,Financials,Financial Exchanges & Data,695400000.0,241800000.0,9910000000.0,40.96,9.81,15.1,23.5,382631.0,261.54,0.61,1.07,0.0,0.0,0.0,0.0,1.0,1.0,1.0,3.0
297,MAR,Marriott International,Consumer Discretionary,"Hotels, Resorts & Cruise Lines",17930000000.0,1740000000.0,50800000000.0,29.86,29.24,7.0,118.7,2260798.0,157.88,1.61,0.76,0.0,0.0,0.0,0.0,0.0,1.0,1.0,2.0
298,MMC,Marsh McLennan,Financials,Insurance Brokers,20650000000.0,3380000000.0,83280000000.0,25.26,7.84,10.0,31.9,224353.0,162.87,0.89,1.41,0.0,1.0,0.0,1.0,1.0,1.0,1.0,5.0
299,MLM,Martin Marietta Materials,Materials,Construction Materials,5930000000.0,788400000.0,21930000000.0,28.19,3.28,5.6,12.3,62050.0,343.44,0.87,0.74,0.0,0.0,0.0,0.0,0.0,0.0,1.0,1.0
300,MAS,Masco,Industrials,Building Products,8780000000.0,858000000.0,11630000000.0,14.77,,15.5,-242.3,416874.0,50.19,1.23,2.13,0.0,0.0,0.0,0.0,1.0,0.0,0.0,1.0
301,MA,Mastercard,Information Technology,Data Processing & Outsourced Services,20860000000.0,9700000000.0,321410000000.0,34.29,53.21,26.5,142.5,530493.0,329.56,1.06,0.58,0.0,0.0,1.0,1.0,1.0,1.0,0.0,4.0
302,MTCH,Match Group,Communication Services,Interactive Media & Services,3200000000.0,111300000.0,16710000000.0,175.34,,2.3,-52.5,2707642.0,59.79,0.86,,0.0,0.0,0.0,0.0,0.0,0.0,1.0,1.0
303,MKC,McCormick & Company,Consumer Staples,Packaged Foods & Meats,6340000000.0,683200000.0,21660000000.0,32.18,4.75,5.3,15.2,337176.0,80.23,0.49,1.82,0.0,0.0,0.0,0.0,0.0,0.0,1.0,1.0
304,MCD,McDonald's,Consumer Discretionary,Restaurants,23590000000.0,6080000000.0,191970000000.0,32.08,,11.8,-107.5,496109.0,256.14,0.57,2.12,0.0,0.0,1.0,1.0,1.0,0.0,1.0,4.0
305,MCK,McKesson,Health Care,Health Care Distributors,268450000000.0,1400000000.0,52840000000.0,38.69,,2.2,-91.2,286542.0,353.36,0.59,0.59,0.5,1.0,0.0,0.0,0.0,0.0,1.0,2.5
306,MDT,Medtronic,Health Care,Health Care Equipment,31070000000.0,5210000000.0,119850000000.0,23.81,2.32,5.7,9.9,1608159.0,90.87,0.77,2.95,0.0,0.0,1.0,1.0,0.0,0.0,0.0,2.0
307,MRK,Merck & Co.,Health Care,Pharmaceuticals,57170000000.0,16640000000.0,223540000000.0,13.44,5.16,16.1,41.9,1811072.0,87.03,0.34,3.13,0.0,1.0,1.0,1.0,1.0,1.0,0.0,5.0
308,META,Meta Platforms,Communication Services,Interactive Media & Services,119410000000.0,33630000000.000004,412010000000.0,12.69,3.29,20.1,26.5,44143325.0,153.13,1.3,,0.0,1.0,1.0,1.0,1.0,1.0,0.0,5.0
309,MET,MetLife,Financials,Life & Health Insurance,68310000000.0,3410000000.0,53990000000.0,17.07,1.5,0.5,6.0,878447.0,67.29,1.04,2.92,0.0,1.0,0.0,1.0,0.0,0.0,0.0,2.0
310,MTD,Mettler Toledo,Health Care,Life Sciences Tools & Services,3870000000.0,820600000.0,29210000000.0,37.03,4107.47,24.8,777.1,41135.0,1286.8,1.15,,0.0,0.0,0.0,0.0,1.0,1.0,1.0,3.0
311,MGM,MGM Resorts,Consumer Discretionary,Casinos & Gaming,11880000000.0,3190000000.0,13770000000.0,5.05,2.62,7.5,53.9,2236400.0,34.67,2.12,0.03,0.0,0.0,1.0,0.0,0.0,1.0,0.0,2.0
312,MCHP,Microchip Technology,Information Technology,Semiconductors,7220000000.0,1540000000.0,34660000000.0,23.16,5.85,9.5,26.3,6503879.0,63.16,1.61,1.91,0.0,0.0,0.0,0.0,0.0,1.0,0.0,1.0
313,MU,Micron Technology,Information Technology,Semiconductors,32390000000.0,9910000000.0,58640000000.0,6.11,1.21,15.9,21.2,22207409.0,53.62,1.29,0.86,0.0,1.0,1.0,0.0,1.0,0.0,0.0,3.0
314,MSFT,Microsoft,Information Technology,Systems Software,198270000000.0,72740000000.0,1863880000000.0,26.13,11.31,21.0,45.4,33092456.0,251.99,0.94,0.98,0.0,1.0,1.0,1.0,1.0,1.0,0.0,5.0
315,MAA,Mid-America Apartment Communities,Real Estate,Residential REITs,1890000000.0,587400000.0,19990000000.0,34.17,3.35,5.2,9.9,161192.0,169.22,0.74,2.88,0.0,0.0,0.0,0.0,1.0,0.0,0.0,1.0
316,MRNA,Moderna,Health Care,Biotechnology,23000000000.0,14050000000.0,52080000000.0,4.0,2.89,56.6,94.8,4862881.0,131.3,1.68,,0.0,0.0,1.0,0.0,1.0,1.0,0.0,3.0
317,MHK,Mohawk Industries,Consumer Discretionary,Home Furnishings,11750000000.0,985800000.0,7080000000.0,7.66,0.84,6.8,11.6,261164.0,107.7,1.28,,0.0,0.0,0.0,0.0,0.0,1.0,0.0,1.0
318,MOH,Molina Healthcare,Health Care,Managed Health Care,30270000000.0,752000000.0,20600000000.0,27.22,7.14,6.2,27.9,47271.0,346.27,0.83,,1.0,0.0,0.0,0.0,0.0,0.0,0.0,1.0
319,TAP,Molson Coors Beverage Company,Consumer Staples,Brewers,10580000000.0,731800000.0,11510000000.0,15.85,0.86,2.7,5.5,259063.0,52.38,0.87,2.85,0.0,0.0,0.0,0.0,0.0,0.0,0.0,0.0
320,MDLZ,Mondelez International,Consumer Staples,Packaged Foods & Meats,29880000000.0,3860000000.0,81310000000.0,21.73,3.01,5.8,13.8,8609839.0,59.88,0.6,2.57,0.0,0.0,1.0,1.0,0.0,0.0,0.0,2.0
321,MPWR,Monolithic Power Systems,Information Technology,Semiconductors,1500000000.0,335700000.0,19770000000.0,60.61,13.85,20.4,26.0,613645.0,422.33,1.1,0.71,0.0,0.0,0.0,0.0,1.0,1.0,1.0,3.0
322,MNST,Monster Beverage,Consumer Staples,Soft Drinks,6010000000.0,1230000000.0,46600000000.0,39.11,6.95,15.5,18.5,2790795.0,89.53,0.95,,0.0,0.0,0.0,0.0,1.0,0.0,1.0,2.0
323,MCO,Moody's Corporation,Financials,Financial Exchanges & Data,5970000000.0,1730000000.0,55020000000.0,32.79,24.34,11.9,70.1,250109.0,294.26,1.21,0.92,0.0,0.0,0.0,1.0,1.0,1.0,1.0,4.0
324,MS,Morgan Stanley,Financials,Investment Banking & Brokerage,59580000000.0,13110000000.0,153010000000.0,12.19,1.64,1.1,13.6,2393248.0,88.0,1.37,3.44,0.0,1.0,1.0,1.0,0.0,0.0,0.0,3.0
325,MOS,The Mosaic Company,Materials,Fertilizers & Agricultural Chemicals,16550000000.0,3250000000.0,17440000000.0,5.97,1.6,14.4,29.3,2404248.0,53.21,1.59,1.14,0.5,0.0,1.0,0.0,1.0,0.0,0.0,2.5
326,MSI,Motorola Solutions,Information Technology,Communications Equipment,8460000000.000001,1200000000.0,42330000000.0,36.52,,10.3,-453.1,178370.0,248.93,0.91,1.25,0.0,0.0,0.0,0.0,0.0,0.0,0.0,0.0
327,MSCI,MSCI,Financials,Financial Exchanges & Data,2180000000.0,802800000.0,39290000000.0,51.09,,15.9,-136.7,65104.0,474.31,1.11,1.01,0.0,0.0,0.0,0.0,1.0,0.0,1.0,2.0
328,NDAQ,"Nasdaq, Inc.",Financials,Financial Exchanges & Data,5910000000.0,1140000000.0,29980000000.0,27.4,5.21,5.6,18.5,1614767.0,61.85,0.96,1.29,0.0,0.0,0.0,0.0,1.0,1.0,1.0,3.0
329,NTAP,NetApp,Information Technology,"Technology Hardware, Storage & Peripherals",6450000000.0,949000000.0,15250000000.0,17.06,23.77,9.9,121.0,1562990.0,71.06,1.17,2.81,0.0,0.0,0.0,0.0,0.0,1.0,0.0,1.0
330,NFLX,Netflix,Communication Services,Movies & Entertainment,31030000000.0,4840000000.0,95790000000.0,20.41,5.08,11.4,30.1,7853997.0,218.13,1.34,,0.0,0.0,0.0,0.0,1.0,1.0,0.0,2.0
331,NWL,Newell Brands,Consumer Discretionary,Housewares & Specialties,10510000000.0,724000000.0,7120000000.0,10.09,1.81,5.0,18.0,3614901.0,17.24,0.78,5.34,0.0,0.0,0.0,0.0,0.0,1.0,0.0,1.0
332,NEM,Newmont,Materials,Gold,12370000000.0,742000000.0,34250000000.0,47.06,1.63,2.0,3.6,3321055.0,43.44,0.3,5.01,0.0,0.0,0.0,1.0,0.0,0.0,1.0,2.0
333,NWSA,News Corp (Class A),Communication Services,Publishing,10380000000.0,623000000.0,9750000000.0,16.03,1.2,3.7,7.5,2401824.0,16.83,1.3,1.19,0.0,0.0,0.0,0.0,0.0,0.0,0.0,0.0
334,NWS,News Corp (Class B),Communication Services,Publishing,10200000000.0,,9840000000.0,,1.24,,,647173.0,17.11,,1.11,0.0,0.0,0.0,0.0,0.0,0.0,0.0,0.0
335,NEE,NextEra Energy,Utilities,Multi-Utilities,17490000000.0,2580000000.0,179160000000.0,69.53,4.9,1.8,7.1,1369851.0,89.68,0.47,1.87,0.0,1.0,1.0,1.0,0.0,0.0,1.0,4.0
336,NLSN,Nielsen Holdings,Industrials,Research & Consulting Services,3540000000.0,570000000.0,10030000000.0,17.63,2.88,4.8,16.0,1545226.0,27.86,1.24,0.86,1.0,0.0,0.0,0.0,0.0,0.0,0.0,1.0
337,NKE,"Nike, Inc.",Consumer Discretionary,"Apparel, Accessories & Luxury Goods",46710000000.0,6050000000.0,172720000000.0,29.95,11.56,15.5,40.7,1719900.0,107.56,1.03,1.09,0.0,1.0,1.0,1.0,1.0,1.0,1.0,6.0
338,NI,NiSource,Utilities,Multi-Utilities,5420000000.0,667800000.0,12320000000.0,19.9,2.19,2.8,12.4,407980.0,30.07,0.38,3.07,0.0,0.0,0.0,0.0,0.0,1.0,0.0,1.0
339,NDSN,Nordson Corporation,Industrials,Industrial Machinery,2510000000.0,482300000.0,12950000000.0,27.56,5.94,12.7,22.0,188865.0,227.35,0.95,1.14,0.0,0.0,0.0,0.0,1.0,1.0,1.0,3.0
340,NSC,Norfolk Southern Railway,Industrials,Railroads,11870000000.0,3030000000.0,57930000000.0,19.96,4.51,7.8,22.4,242833.0,245.31,1.31,1.98,0.0,0.0,1.0,1.0,0.0,1.0,0.0,3.0
341,NTRS,Northern Trust,Financials,Asset Management & Custody Banks,6770000000.0,1530000000.0,19910000000.0,12.93,1.94,0.9,14.3,1293531.0,94.95,1.13,3.16,0.0,0.0,0.0,0.0,0.0,0.0,0.0,0.0
342,NOC,Northrop Grumman,Industrials,Aerospace & Defense,34960000000.0,5670000000.0,74360000000.0,13.43,5.49,13.5,44.3,221489.0,480.54,0.61,1.43,0.0,1.0,1.0,1.0,1.0,1.0,0.0,5.0
343,NLOK,NortonLifeLock,Information Technology,Application Software,2820000000.0,855000000.0,12400000000.0,15.09,,12.8,-473.7,8741724.0,21.72,0.66,2.3,0.0,0.0,0.0,0.0,1.0,0.0,0.0,1.0
344,NCLH,Norwegian Cruise Line Holdings,Consumer Discretionary,"Hotels, Resorts & Cruise Lines",2350000000.0,3910600000.0,6100000000.0,,6.88,-20.6,-202.5,9426623.0,14.39,2.41,,0.5,0.0,1.0,0.0,0.0,0.0,0.0,1.5
345,NRG,NRG Energy,Utilities,Independent Power Producers & Energy Traders,28830000000.0,3440000000.0,10200000000.0,3.12,1.98,12.0,76.4,662270.0,43.95,0.83,3.16,0.0,1.0,1.0,0.0,1.0,1.0,0.0,4.0
346,NUE,Nucor,Materials,Steel,42970000000.0,9000000000.0,36030000000.0,4.33,2.22,32.4,60.5,435789.0,139.3,1.4,1.41,0.0,1.0,1.0,1.0,1.0,1.0,0.0,5.0
347,NVDA,Nvidia,Information Technology,Semiconductors,29740000000.0,7740000000.0,324300000000.0,43.05,13.74,17.8,30.8,71133093.0,131.31,1.68,0.12,0.0,1.0,1.0,1.0,1.0,1.0,0.0,5.0
348,NVR,"NVR, Inc.",Consumer Discretionary,Homebuilding,9690000000.0,1530000000.0,13860000000.0,10.32,4.71,27.0,52.0,4871.0,4154.92,0.99,,0.0,0.0,0.0,0.0,1.0,1.0,0.0,2.0
349,NXPI,NXP Semiconductors,Information Technology,Semiconductors,12350000000.0,2450000000.0,40600000000.0,16.97,5.86,11.6,36.6,3843296.0,155.46,1.5,2.17,0.0,0.0,0.0,0.0,0.0,1.0,0.0,1.0
350,ORLY,O'Reilly Auto Parts,Consumer Discretionary,Specialty Stores,13740000000.0,2140000000.0,43660000000.0,21.97,,18.1,-520.1,559645.0,695.68,0.99,,0.0,0.0,0.0,0.0,1.0,0.0,0.0,1.0
351,OXY,Occidental Petroleum,Energy,Oil & Gas Exploration & Production,33860000000.0,10220000000.0,61270000000.0,6.55,3.47,13.6,77.1,10289661.0,64.97,1.85,0.78,0.0,0.0,1.0,0.0,1.0,1.0,0.0,3.0
352,ODFL,Old Dominion,Industrials,Trucking,5980000000.0,1240000000.0,28370000000.0,24.16,8.29,26.2,35.1,1072660.0,260.6,1.06,0.46,0.0,0.0,0.0,0.0,1.0,1.0,0.0,2.0
353,OMC,Omnicom Group,Communication Services,Advertising,14270000000.0,1260000000.0,14130000000.0,12.0,5.18,4.9,41.8,430602.0,70.11,0.85,3.91,0.0,0.0,0.0,0.0,0.0,1.0,0.0,1.0
354,ON,ON Semiconductor,Information Technology,Semiconductors,7620000000.0,1720000000.0,28880000000.0,17.32,5.39,17.4,36.1,9848143.0,66.87,1.8,,0.0,0.0,0.0,0.0,1.0,1.0,0.0,2.0
355,OKE,Oneok,Energy,Oil & Gas Storage & Transportation,21400000000.0,1580000000.0,28000000000.0,18.16,4.67,6.6,26.3,690716.0,62.46,1.63,5.86,0.0,0.0,0.0,0.0,0.0,1.0,1.0,2.0
356,ORCL,Oracle Corporation,Information Technology,Application Software,42440000000.0,6720000000.0,202000000000.0,32.12,,6.0,-101.2,12662858.0,75.98,0.87,1.66,0.0,1.0,1.0,1.0,0.0,0.0,0.0,3.0
357,OGN,Organon & Co.,Health Care,Pharmaceuticals,6360000000.0,1110000000.0,7440000000.0,6.84,,10.2,-80.3,244251.0,29.13,,3.77,0.0,0.0,0.0,0.0,1.0,0.0,0.0,1.0
358,OTIS,Otis Worldwide,Industrials,Industrial Machinery,14090000000.0,1240000000.0,30810000000.0,25.39,,11.2,-28.4,385116.0,71.77,,1.57,0.0,0.0,0.0,0.0,1.0,0.0,1.0,2.0
359,PCAR,Paccar,Industrials,Construction Machinery & Heavy Trucks,25460000000.0,2210000000.0,29610000000.0,13.58,2.4,7.5,18.6,2064712.0,86.06,0.88,1.58,0.0,1.0,1.0,0.0,0.0,0.0,0.0,2.0
360,PKG,Packaging Corporation of America,Materials,Paper Packaging,8420000000.0,1020000000.0,13310000000.0,13.14,3.33,12.3,27.1,136739.0,139.21,0.79,3.52,0.0,0.0,0.0,0.0,1.0,0.0,0.0,1.0
361,PARA,Paramount Global,Communication Services,Movies & Entertainment,29720000000.0,3180000000.0,14370000000.0,4.77,0.64,5.9,15.3,13302870.0,22.53,1.54,4.26,0.0,0.0,0.0,0.0,1.0,1.0,0.0,2.0
362,PH,Parker Hannifin,Industrials,Industrial Machinery,15860000000.0,1320000000.0,35730000000.0,28.04,4.1,5.8,15.0,149138.0,274.15,1.57,1.88,0.0,0.0,0.0,0.0,0.0,0.0,1.0,1.0
363,PAYX,Paychex,Information Technology,Data Processing & Outsourced Services,4610000000.0,1390000000.0,43810000000.0,31.82,14.26,14.3,44.4,1966377.0,122.08,0.99,2.59,0.0,0.0,0.0,0.0,1.0,1.0,0.0,2.0
364,PAYC,Paycom,Information Technology,Application Software,1210000000.0,228400000.0,22210000000.0,95.69,21.91,5.1,24.5,66989.0,360.56,1.46,,0.0,0.0,0.0,0.0,0.0,1.0,1.0,2.0
365,PYPL,PayPal,Information Technology,Data Processing & Outsourced Services,26390000000.0,2060000000.0,108280000000.0,54.82,5.57,2.7,9.8,15053713.0,95.01,1.44,,0.0,1.0,0.0,0.0,0.0,0.0,0.0,1.0
366,PENN,Penn Entertainment,Consumer Discretionary,Casinos & Gaming,6280000000.0,208000000.0,4790000000.0,26.4,1.35,1.2,5.6,3431138.0,30.73,2.23,,,0.0,0.0,0.0,0.0,1.0,0.0,1.0
367,PNR,Pentair,Industrials,Industrial Machinery,4020000000.0,567800000.0,7580000000.0,13.95,3.06,11.9,23.1,411765.0,45.75,1.1,1.77,0.0,0.0,0.0,0.0,1.0,1.0,0.0,2.0
368,PEP,PepsiCo,Consumer Staples,Soft Drinks,81860000000.0,9430000000.0,230140000000.0,24.69,12.47,9.9,53.8,6899650.0,167.41,0.56,2.75,0.0,1.0,1.0,1.0,1.0,1.0,0.0,5.0
369,PKI,PerkinElmer,Health Care,Health Care Equipment,5020000000.0,674200000.0,17590000000.0,26.24,2.51,4.6,9.5,251617.0,135.38,1.14,0.2,0.0,0.0,0.0,0.0,0.0,0.0,0.0,0.0
370,PFE,Pfizer,Health Care,Pharmaceuticals,101130000000.0,29750000000.0,263790000000.00003,9.21,3.06,15.8,36.3,4107742.0,46.83,0.69,3.35,0.0,1.0,1.0,1.0,1.0,1.0,0.0,5.0
371,PM,Philip Morris International,Consumer Staples,Tobacco,31800000000.0,9060000000.0,149140000000.0,16.77,,21.9,-91.0,666331.0,95.7,0.64,5.12,0.0,0.0,1.0,1.0,1.0,0.0,0.0,3.0
372,PSX,Phillips 66,Energy,Oil & Gas Refining & Marketing,147600000000.0,5420000000.0,42060000000.0,7.72,1.78,9.2,26.0,833344.0,87.62,1.38,4.33,0.0,1.0,0.0,0.0,0.0,1.0,0.0,2.0
373,PNW,Pinnacle West,Utilities,Multi-Utilities,3950000000.0,512100000.0,8740000000.0,17.2,1.49,2.5,9.2,78429.0,76.84,0.31,4.37,0.0,0.0,0.0,0.0,0.0,0.0,0.0,0.0
374,PXD,Pioneer Natural Resources,Energy,Oil & Gas Exploration & Production,23690000000.0,6180000000.0,57960000000.0,10.29,2.53,16.6,26.4,841268.0,247.18,1.47,10.23,0.5,0.0,0.0,0.0,1.0,1.0,0.0,2.5
375,PNC,PNC Financial Services,Financials,Regional Banks,12140000000.0,5380000000.0,67580000000.0,13.02,1.44,1.0,10.3,436331.0,162.14,1.19,3.61,0.0,0.0,1.0,1.0,0.0,0.0,0.0,2.0
376,POOL,Pool Corporation,Consumer Discretionary,Distributors,5920000000.0,776100000.0,13220000000.0,17.35,10.93,23.2,69.6,458259.0,335.19,0.88,1.19,0.0,0.0,0.0,0.0,1.0,1.0,0.0,2.0
377,PPG,PPG Industries,Materials,Specialty Chemicals,17560000000.0,1070000000.0,30840000000.0,29.24,5.03,5.0,17.5,328978.0,126.17,1.16,1.88,0.5,0.0,0.0,0.0,0.0,0.0,1.0,1.5
378,PPL,PPL Corporation,Utilities,Electric Utilities,6470000000.0,743000000.0,22030000000.0,30.34,1.6,2.1,5.2,1417993.0,29.92,0.76,2.98,0.0,0.0,0.0,0.0,0.0,0.0,1.0,1.0
379,PFG,Principal Financial Group,Financials,Life & Health Insurance,14220000000.0,4270000000.0,18930000000.0,4.71,1.77,1.4,31.0,2195885.0,77.41,1.3,3.31,0.0,0.0,0.0,0.0,0.0,1.0,0.0,1.0
380,PG,Procter & Gamble,Consumer Staples,Personal Products,80190000000.0,14460000000.0,331540000000.0,24.32,7.4,12.1,32.2,1685949.0,139.24,0.34,2.59,0.0,1.0,1.0,1.0,1.0,0.0,0.0,4.0
381,PGR,Progressive Corporation,Financials,Property & Casualty Insurance,47690000000.0,824900000.0,75810000000.0,92.02,4.98,1.1,4.9,526678.0,127.36,0.43,0.31,0.0,1.0,0.0,1.0,0.0,0.0,1.0,3.0
382,PLD,Prologis,Real Estate,Industrial REITs,4930000000.0,3730000000.0,95120000000.0,26.0,2.79,6.3,11.1,1276160.0,125.68,0.9,2.43,0.0,1.0,1.0,1.0,1.0,0.0,0.0,4.0
383,PRU,Prudential Financial,Financials,Life & Health Insurance,64300000000.0,2090000000.0,36530000000.0,18.47,1.32,0.2,4.3,423709.0,97.53,1.4,4.81,0.0,1.0,0.0,0.0,0.0,0.0,0.0,1.0
384,PEG,Public Service Enterprise Group,Utilities,Electric Utilities,9350000000.0,990000000.0,34450000000.0,,2.56,-2.0,-7.1,543202.0,68.2,0.57,3.12,0.0,0.0,0.0,0.0,0.0,0.0,0.0,0.0
385,PTC,PTC,Information Technology,Application Software,1910000000.0,499200000.0,13660000000.0,27.82,6.36,11.1,24.3,1076823.0,117.16,1.17,,0.0,0.0,0.0,0.0,0.0,1.0,0.0,1.0
386,PSA,Public Storage,Real Estate,Specialized REITs,3820000000.0,2070000000.0,59640000000.0,28.92,10.61,12.1,39.0,246659.0,328.06,0.34,2.36,0.0,0.0,1.0,1.0,1.0,1.0,0.0,4.0
387,PHM,PulteGroup,Consumer Discretionary,Homebuilding,14950000000.0,2230000000.0,9530000000.0,4.66,1.29,16.9,29.9,725930.0,40.24,1.33,1.42,0.0,0.0,0.0,0.0,1.0,1.0,0.0,2.0
388,PVH,PVH,Consumer Discretionary,"Apparel, Accessories & Luxury Goods",9020000000.0,918900000.0,3920000000.0,4.69,0.79,7.6,18.3,397682.0,58.19,2.04,0.24,,0.0,0.0,0.0,0.0,1.0,0.0,1.0
389,QRVO,Qorvo,Information Technology,Semiconductors,4570000000.0,816600000.0,8910000000.0,11.67,2.11,10.9,17.9,2230028.0,86.22,1.38,,0.0,0.0,0.0,0.0,0.0,0.0,0.0,0.0
390,PWR,Quanta Services,Industrials,Construction & Engineering,15470000000.0,451800000.0,20810000000.0,47.28,4.09,3.6,9.0,185042.0,143.02,1.08,0.19,0.0,0.0,0.0,0.0,0.0,0.0,1.0,1.0
391,QCOM,Qualcomm,Information Technology,Semiconductors,42140000000.0,12860000000.0,139290000000.0,11.07,8.74,29.3,101.5,9566302.0,124.93,1.25,2.4,0.0,1.0,1.0,1.0,1.0,1.0,0.0,5.0
392,DGX,Quest Diagnostics,Health Care,Health Care Services,10580000000.0,1480000000.0,15380000000.0,10.95,2.4,11.0,23.1,136048.0,128.07,1.01,2.01,0.0,0.0,0.0,0.0,1.0,0.0,0.0,1.0
393,RL,Ralph Lauren Corporation,Consumer Discretionary,"Apparel, Accessories & Luxury Goods",6330000000.0,558800000.0,6560000000.0,13.12,2.94,7.2,21.3,140275.0,95.77,1.39,3.03,0.0,0.0,0.0,0.0,0.0,1.0,0.0,1.0
394,RJF,Raymond James,Financials,Investment Banking & Brokerage,11040000000.0,1500000000.0,23490000000.0,15.63,2.46,2.1,17.2,195592.0,107.43,1.06,1.24,0.0,0.0,0.0,0.0,0.0,1.0,0.0,1.0
395,RTX,Raytheon Technologies,Industrials,Aerospace & Defense,65290000000.00001,4490000000.0,127460000000.0,29.35,1.84,2.8,6.2,918209.0,85.39,1.12,2.51,0.0,1.0,1.0,1.0,0.0,0.0,1.0,4.0
396,O,Realty Income,Real Estate,Retail REITs,2790000000.0,561600000.0,41480000000.0,63.89,1.54,1.4,2.5,1172529.0,66.64,0.73,4.39,0.0,0.0,0.0,1.0,0.0,0.0,0.0,1.0
397,REG,Regency Centers,Real Estate,Retail REITs,1210000000.0,485300000.0,10080000000.0,21.13,1.68,4.5,8.0,771630.0,59.75,1.1,4.18,0.0,0.0,0.0,0.0,0.0,0.0,0.0,0.0
398,REGN,Regeneron,Health Care,Biotechnology,14230000000.0,5690000000.0,77920000000.0,14.01,3.66,22.2,29.7,1030491.0,701.39,0.32,,0.0,0.0,1.0,0.0,1.0,0.0,0.0,2.0
399,RF,Regions Financial Corporation,Financials,Regional Banks,4270000000.0,2120000000.0,20990000000.0,10.08,1.41,1.3,13.3,2761550.0,21.91,1.27,3.56,0.0,0.0,0.0,0.0,0.0,0.0,0.0,0.0
400,RSG,Republic Services,Industrials,Environmental & Facilities Services,12270000000.0,1390000000.0,46880000000.0,33.94,5.09,5.4,15.4,235380.0,146.97,0.71,1.34,0.0,0.0,0.0,1.0,0.0,0.0,1.0,2.0
401,RMD,ResMed,Health Care,Health Care Equipment,3580000000.0,779400000.0,34410000000.0,44.88,10.37,16.0,24.3,125090.0,234.84,0.5,0.74,0.0,0.0,0.0,0.0,1.0,0.0,1.0,2.0
402,RHI,Robert Half,Industrials,Human Resource & Employment Services,7160000000.0,682900000.0,8640000000.0,13.17,6.02,23.2,48.6,190144.0,79.0,1.43,2.12,0.0,0.0,0.0,0.0,1.0,1.0,0.0,2.0
403,ROK,Rockwell Automation,Industrials,Electrical Components & Equipment,7440000000.0,670000000.0,28460000000.0,44.85,12.47,6.2,27.0,147786.0,249.23,1.47,1.74,0.0,0.0,0.0,0.0,0.0,1.0,1.0,2.0
404,ROL,"Rollins, Inc.",Industrials,Environmental & Facilities Services,2560000000.0,331900000.0,17910000000.0,53.8,15.56,16.2,29.9,221969.0,36.15,0.63,1.1,0.0,0.0,0.0,0.0,1.0,1.0,1.0,3.0
405,ROP,Roper Technologies,Information Technology,Electronic Equipment & Instruments,5570000000.0,921100000.0,43160000000.0,47.44,3.16,11.6,22.8,122282.0,400.19,1.04,0.61,0.0,0.0,0.0,0.0,0.0,0.0,0.0,0.0
406,ROST,Ross Stores,Consumer Discretionary,Apparel Retail,18510000000.0,1470000000.0,30700000000.0,21.32,7.51,10.9,36.4,2588989.0,89.86,1.0,1.38,0.0,0.0,0.0,0.0,1.0,1.0,0.0,2.0
407,RCL,Royal Caribbean Group,Consumer Discretionary,"Hotels, Resorts & Cruise Lines",4680000000.0,4470200000.0,11710000000.0,,3.6,-13.6,-94.4,3290626.0,46.5,2.42,,0.5,0.0,1.0,0.0,0.0,0.0,0.0,1.5
408,SPGI,S&P Global,Financials,Financial Exchanges & Data,9560000000.0,3680000000.0,123100000000.0,27.68,3.18,9.2,17.7,376509.0,361.72,1.05,0.92,0.0,0.0,0.0,1.0,1.0,1.0,1.0,4.0
409,CRM,Salesforce,Information Technology,Application Software,29320000000.0,536000000.0,159830000000.0,309.59,2.75,0.6,0.9,1828546.0,158.88,1.12,,0.0,1.0,0.0,1.0,0.0,0.0,1.0,3.0
410,SBAC,SBA Communications,Real Estate,Specialized REITs,2460000000.0,354800000.0,33990000000.000004,98.37,,3.6,-6.7,331655.0,317.53,0.45,0.89,0.0,0.0,0.0,1.0,0.0,0.0,1.0,2.0
411,SLB,Schlumberger,Energy,Oil & Gas Equipment & Services,24810000000.0,2620000000.0,54670000000.0,21.98,3.48,6.3,17.5,2910353.0,39.35,1.82,1.74,0.0,0.0,0.0,0.0,0.0,1.0,1.0,2.0
412,STX,Seagate Technology,Information Technology,"Technology Hardware, Storage & Peripherals",11660000000.0,1650000000.0,13510000000.0,8.9,33.8,20.5,337.4,2445460.0,65.24,1.13,4.29,0.0,0.0,0.0,0.0,1.0,1.0,0.0,2.0
413,SEE,Sealed Air,Materials,Paper Packaging,5770000000.0,540800000.0,7900000000.0,15.34,40.49,9.0,287.9,145063.0,53.55,1.18,1.44,0.0,0.0,0.0,0.0,1.0,1.0,0.0,2.0
414,SRE,Sempra Energy,Utilities,Multi-Utilities,14220000000.0,1130000000.0,54950000000.0,49.37,2.13,1.5,4.5,251938.0,173.39,0.68,2.61,0.0,1.0,0.0,1.0,0.0,0.0,1.0,3.0
415,NOW,ServiceNow,Information Technology,Systems Software,6600000000.0,184000000.0,92270000000.0,525.71,22.82,1.7,4.8,446780.0,451.14,0.94,,0.0,0.0,0.0,0.0,0.0,0.0,1.0,1.0
416,SHW,Sherwin-Williams,Materials,Specialty Chemicals,20780000000.0,1750000000.0,63090000000.0,36.53,28.19,8.2,73.2,300109.0,233.52,1.05,0.99,0.0,1.0,0.0,1.0,0.0,1.0,1.0,4.0
417,SBNY,Signature Bank,Financials,Regional Banks,2190000000.0,880600000.0,10950000000.0,11.84,1.34,0.8,11.5,727354.0,177.85,1.72,1.26,0.0,0.0,0.0,0.0,0.0,0.0,0.0,0.0
418,SPG,Simon Property Group,Real Estate,Retail REITs,5200000000.0,2110000000.0,34050000000.0,16.42,11.42,6.3,65.3,554408.0,100.81,1.5,6.65,0.0,1.0,1.0,1.0,1.0,1.0,0.0,5.0
419,SWKS,Skyworks Solutions,Information Technology,Semiconductors,5390000000.0,1300000000.0,15560000000.0,12.44,2.97,15.1,24.6,3329546.0,97.88,1.22,2.53,0.0,0.0,0.0,0.0,1.0,1.0,0.0,2.0
420,SJM,The J.M. Smucker Company,Consumer Staples,Packaged Foods & Meats,8010000000.0,586100000.0,14980000000.0,25.94,1.85,3.6,7.1,296613.0,141.07,0.22,2.89,0.0,0.0,0.0,0.0,0.0,0.0,0.0,0.0
421,SNA,Snap-on,Industrials,Industrial Machinery,4730000000.0,868800000.0,11920000000.0,14.11,2.77,12.8,20.6,66928.0,220.48,1.11,2.53,0.0,0.0,0.0,0.0,1.0,1.0,0.0,2.0
422,SEDG,SolarEdge,Information Technology,Semiconductor Equipment,2460000000.0,142200000.0,17250000000.0,122.15,8.57,4.4,8.6,780106.0,313.18,1.24,,0.0,0.0,0.0,0.0,0.0,0.0,1.0,1.0
423,SO,Southern Company,Utilities,Electric Utilities,25860000000.0,3020000000.0,85080000000.0,28.35,2.97,2.4,10.7,634023.0,79.3,0.5,3.39,0.0,1.0,1.0,1.0,0.0,0.0,1.0,4.0
424,LUV,Southwest Airlines,Industrials,Airlines,21150000000.0,996000000.0,22580000000.0,24.63,2.07,2.7,9.4,1200167.0,37.78,0.99,,0.0,1.0,0.0,0.0,0.0,0.0,0.0,1.0
425,SWK,Stanley Black & Decker,Industrials,Industrial Machinery,16940000000.000002,942200000.0,13340000000.0,16.05,1.58,,,549438.0,89.34,1.27,3.49,0.0,0.0,0.0,0.0,0.0,0.0,0.0,0.0
426,SBUX,Starbucks,Consumer Discretionary,Restaurants,31980000000.0,4170000000.0,100360000000.0,24.7,,14.2,-53.4,15712124.0,87.84,0.94,2.23,0.0,0.0,1.0,1.0,1.0,0.0,0.0,3.0
427,STT,State Street Corporation,Financials,Asset Management & Custody Banks,2250000000.0,2650000000.0,26920000000.0,10.27,1.15,0.8,10.7,755452.0,73.02,1.61,3.4,0.0,0.0,0.0,0.0,0.0,0.0,0.0,0.0
428,STE,Steris,Health Care,Health Care Equipment,4770000000.0,377000000.0,20650000000.0,56.67,3.31,3.3,5.8,152800.0,206.68,0.75,0.89,0.0,0.0,0.0,0.0,0.0,0.0,1.0,1.0
429,SYK,Stryker Corporation,Health Care,Health Care Equipment,17630000000.0,2080000000.0,84000000000.0,42.64,5.6,5.9,13.9,397961.0,226.91,1.03,1.2,0.0,0.0,0.0,1.0,0.0,0.0,1.0,2.0
430,SIVB,SVB Financial,Financials,Regional Banks,4250000000.0,1540000000.0,23670000000.0,14.81,1.85,0.7,12.5,795596.0,384.69,1.72,,0.0,0.0,0.0,0.0,0.0,0.0,0.0,0.0
431,SYF,Synchrony Financial,Financials,Consumer Finance,16050000000.0,3650000000.0,16120000000.000002,5.0,1.34,3.9,28.4,1041365.0,32.53,1.55,2.68,0.0,0.0,0.0,0.0,1.0,1.0,0.0,2.0
432,SNPS,Synopsys,Information Technology,Application Software,4950000000.0,1030000000.0,49570000000.0,49.13,8.83,11.4,18.9,1270263.0,323.61,1.22,,0.0,0.0,0.0,0.0,0.0,0.0,0.0,0.0
433,SYY,Sysco,Consumer Staples,Food Distributors,68640000000.0,1360000000.0,42200000000.0,31.86,31.08,6.2,97.1,375031.0,82.45,1.01,2.33,0.0,1.0,0.0,0.0,0.0,1.0,1.0,3.0
434,TMUS,T-Mobile US,Communication Services,Wireless Telecommunication Services,80230000000.0,1720000000.0,173390000000.0,100.61,2.47,0.8,2.5,6174894.0,137.74,0.48,,0.5,1.0,0.0,0.0,0.0,0.0,1.0,2.5
435,TROW,T. Rowe Price,Financials,Asset Management & Custody Banks,7290000000.0,2370000000.0,26110000000.0,11.22,2.94,19.7,26.8,2475772.0,116.18,1.3,4.13,0.0,0.0,0.0,0.0,1.0,1.0,0.0,2.0
436,TTWO,Take-Two Interactive,Communication Services,Interactive Home Entertainment,3790000000.0,161800000.0,20890000000.0,83.79,1.79,1.7,3.1,1362820.0,127.02,0.77,,0.0,0.0,0.0,0.0,0.0,0.0,1.0,1.0
437,TPR,"Tapestry, Inc.",Consumer Discretionary,"Apparel, Accessories & Luxury Goods",6680000000.0,856300000.0,8539999999.999999,11.54,3.95,11.2,31.4,1154702.0,35.38,1.35,3.3,0.0,0.0,0.0,0.0,1.0,1.0,0.0,2.0
438,TGT,Target Corporation,Consumer Discretionary,General Merchandise Stores,107860000000.0,4220000000.0,79210000000.0,19.74,7.58,8.0,35.2,1073810.0,169.58,1.02,2.48,0.0,1.0,1.0,1.0,0.0,1.0,0.0,4.0
439,TEL,TE Connectivity,Information Technology,Electronic Manufacturing Services,15740000000.0,2510000000.0,41300000000.0,17.15,4.04,11.7,23.6,193586.0,127.25,1.31,1.71,0.0,0.0,0.0,0.0,0.0,0.0,0.0,0.0
440,TDY,Teledyne Technologies,Information Technology,Electronic Equipment & Instruments,5360000000.0,679800000.0,17920000000.0,27.39,2.32,4.8,8.8,32651.0,381.0,1.07,,0.0,0.0,0.0,0.0,0.0,0.0,0.0,0.0
441,TFX,Teleflex,Health Care,Health Care Equipment,2810000000.0,509900000.0,11280000000.0,22.8,2.98,7.4,13.5,95676.0,237.42,1.09,0.55,0.0,0.0,0.0,0.0,0.0,0.0,0.0,0.0
442,TER,Teradyne,Information Technology,Semiconductor Equipment,3430000000.0,840500000.0,13260000000.0,17.52,5.77,22.9,34.0,2463151.0,83.16,1.54,0.53,0.0,0.0,0.0,0.0,1.0,1.0,0.0,2.0
443,TSLA,"Tesla, Inc.",Consumer Discretionary,Automobile Manufacturers,67170000000.0,9510000000.0,901130000000.0,105.2,24.99,15.0,29.8,67851491.0,292.13,2.19,,0.0,1.0,1.0,1.0,1.0,1.0,1.0,6.0
444,TXN,Texas Instruments,Information Technology,Semiconductors,19590000000.0,8539999999.999999,148750000000.0,17.79,10.62,34.9,63.7,7894275.0,162.65,1.02,2.83,0.0,0.0,1.0,1.0,1.0,1.0,0.0,4.0
445,TXT,Textron,Industrials,Aerospace & Defense,12470000000.0,803000000.0,13830000000.0,18.49,2.12,5.1,12.1,265837.0,64.91,1.55,0.12,0.0,0.0,0.0,0.0,0.0,0.0,0.0,0.0
446,TMO,Thermo Fisher Scientific,Health Care,Life Sciences Tools & Services,42820000000.0,7440000000.0,225790000000.0,30.81,5.37,8.5,18.3,302033.0,563.02,0.86,0.21,0.0,0.0,1.0,1.0,0.0,0.0,0.0,2.0
447,TJX,TJX Companies,Consumer Discretionary,Apparel Retail,49640000000.0,3360000000.0,77590000000.0,23.9,14.5,11.9,57.3,1056063.0,65.58,0.91,1.76,0.0,1.0,1.0,1.0,1.0,1.0,0.0,5.0
448,TSCO,Tractor Supply,Consumer Discretionary,Specialty Stores,13260000000.0,1030000000.0,21310000000.0,21.38,11.29,13.3,53.3,1228759.0,193.61,0.91,1.9,0.0,0.0,0.0,0.0,1.0,1.0,0.0,2.0
449,TT,Trane Technologies,Industrials,Building Products,14840000000.0,1520000000.0,38190000000.0,25.92,6.76,8.3,24.4,352164.0,162.29,1.06,1.62,0.0,0.0,0.0,0.0,0.0,1.0,1.0,2.0
450,TDG,TransDigm Group,Industrials,Aerospace & Defense,5200000000.0,762000000.0,33840000000.000004,48.26,,4.0,-26.7,39915.0,602.29,1.43,,0.0,0.0,0.0,0.0,0.0,0.0,1.0,1.0
451,TRV,The Travelers Companies,Financials,Property & Casualty Insurance,35780000000.0,3540000000.0,39320000000.0,11.46,1.72,3.0,13.4,236146.0,163.93,0.62,2.25,0.0,1.0,0.0,0.0,0.0,0.0,0.0,1.0
452,TRMB,Trimble Inc.,Information Technology,Electronic Equipment & Instruments,3760000000.0,517600000.0,14960000000.0,30.13,3.95,7.3,13.2,1217596.0,61.68,1.57,,0.0,0.0,0.0,0.0,0.0,0.0,0.0,0.0
453,TFC,Truist,Financials,Regional Banks,13870000000.0,5920000000.0,65129999999.99999,11.23,1.17,1.1,9.9,2594688.0,47.87,1.12,4.2,0.0,0.0,1.0,1.0,0.0,0.0,0.0,2.0
454,TWTR,Twitter Inc.,Communication Services,Interactive Media & Services,5230000000.0,111800000.0,31430000000.0,,5.35,-0.8,-1.7,3575514.0,41.15,0.65,,0.0,0.0,0.0,0.0,0.0,0.0,0.0,0.0
455,TYL,Tyler Technologies,Information Technology,Application Software,1820000000.0,178900000.0,15880000000.0,91.61,6.53,3.8,7.6,54073.0,367.83,0.91,,0.0,0.0,0.0,0.0,0.0,0.0,1.0,1.0
456,TSN,Tyson Foods,Consumer Staples,Packaged Foods & Meats,52360000000.0,4050000000.0,26590000000.0,6.77,1.4,11.2,21.8,501745.0,74.14,0.69,2.44,0.0,0.0,1.0,0.0,1.0,0.0,0.0,2.0
457,USB,U.S. Bank,Financials,Diversified Banks,14010000000.0,6450000000.0,69880000000.0,10.96,1.69,1.1,14.1,1980995.0,46.09,0.98,3.87,0.0,0.0,1.0,1.0,0.0,0.0,0.0,2.0
458,UDR,"UDR, Inc.",Real Estate,Residential REITs,1400000000.0,149700000.0,15270000000.0,99.58,3.98,1.4,4.4,461813.0,46.09,0.75,3.18,0.0,0.0,0.0,0.0,0.0,0.0,1.0,1.0
459,ULTA,Ulta Beauty,Consumer Discretionary,Specialty Stores,9370000000.0,1130000000.0,21870000000.0,20.15,12.55,22.6,64.3,1002899.0,430.06,1.39,,1.0,0.0,0.0,0.0,1.0,1.0,0.0,3.0
460,UNP,Union Pacific Corporation,Industrials,Railroads,23430000000.0,6850000000.0,145260000000.0,21.81,11.52,10.8,52.0,547037.0,229.01,1.13,2.22,0.0,1.0,1.0,1.0,1.0,1.0,0.0,5.0
461,UAL,United Airlines Holdings,Industrials,Airlines,35620000000.0,1221000000.0,12360000000.0,,3.12,-1.8,-27.1,7476857.0,37.79,1.29,,0.0,1.0,0.0,0.0,0.0,0.0,0.0,1.0
462,UPS,United Parcel Service,Industrials,Air Freight & Logistics,100100000000.0,10930000000.0,171640000000.0,16.06,10.74,15.9,75.4,482732.0,195.25,1.07,3.04,0.0,1.0,1.0,1.0,1.0,1.0,0.0,5.0
463,URI,United Rentals,Industrials,Trading Companies & Distributors,10670000000.0,1750000000.0,21500000000.0,12.98,3.69,8.6,29.7,252294.0,299.1,1.92,,0.0,0.0,0.0,0.0,0.0,1.0,0.0,1.0
464,UNH,UnitedHealth Group,Health Care,Managed Health Care,306560000000.0,18250000000.0,499930000000.0,27.75,6.84,8.3,25.4,592846.0,519.07,0.77,1.24,0.0,1.0,1.0,1.0,0.0,0.0,0.0,3.0
465,UHS,Universal Health Services,Health Care,Health Care Facilities,13050000000.0,774200000.0,7610000000.0,10.81,1.34,5.9,12.9,149369.0,103.63,1.2,0.75,0.0,0.0,0.0,0.0,0.0,0.0,0.0,0.0
466,VLO,Valero Energy,Energy,Oil & Gas Refining & Marketing,155610000000.0,7060000000.0,44460000000.0,6.55,2.2,11.9,37.3,846939.0,113.26,1.67,3.43,0.0,1.0,0.0,0.0,1.0,1.0,0.0,3.0
467,VTR,Ventas,Real Estate,Health Care REITs,4040000000.0,16100000.000000002,19740000000.0,1122.0,1.87,0.1,0.1,482443.0,49.12,1.17,3.57,0.0,0.0,0.0,0.0,0.0,0.0,1.0,1.0
468,VRSN,Verisign,Information Technology,Internet Services & Infrastructure,1370000000.0,811500000.0,19330000000.0,24.36,,43.1,-59.9,724911.0,178.75,1.0,,0.0,0.0,0.0,0.0,1.0,0.0,0.0,1.0
469,VRSK,Verisk,Industrials,Research & Consulting Services,3050000000.0,1050000000.0,29110000000.0,28.74,12.51,13.4,39.7,815422.0,186.25,0.84,0.67,0.0,0.0,0.0,0.0,1.0,1.0,1.0,3.0
470,VZ,Verizon,Communication Services,Integrated Telecommunication Services,134320000000.0,20800000000.0,175670000000.0,8.59,2.09,5.7,25.3,6852733.0,42.26,0.33,6.1,0.0,1.0,1.0,0.0,1.0,1.0,0.0,4.0
471,VRTX,Vertex Pharmaceuticals,Health Care,Biotechnology,8350000000.0,3190000000.0,71640000000.0,22.7,6.02,22.9,30.1,1607671.0,280.67,0.45,,0.0,0.0,0.0,0.0,1.0,0.0,0.0,1.0
472,VFC,VF Corporation,Consumer Discretionary,"Apparel, Accessories & Luxury Goods",11910000000.0,1010000000.0,16870000000.000002,17.21,5.09,7.5,28.5,788669.0,42.54,1.37,4.54,0.0,0.0,0.0,0.0,0.0,1.0,0.0,1.0
473,VTRS,Viatris,Health Care,Pharmaceuticals,17190000000.0,760800000.0,11250000000.0,15.16,0.58,1.4,3.7,8824122.0,9.49,1.17,5.06,0.0,0.0,0.0,0.0,0.0,0.0,0.0,0.0
474,VICI,Vici Properties,Real Estate,Hotel & Resort REITs,1840000000.0,626000000.0,32490000000.000004,33.7,1.4,2.7,4.1,987507.0,33.5,1.02,4.23,0.0,0.0,0.0,1.0,0.0,0.0,0.0,1.0
475,V,Visa Inc.,Information Technology,Data Processing & Outsourced Services,28080000000.0,14270000000.0,418130000000.0,31.71,13.17,17.2,42.8,1230854.0,201.55,0.9,0.73,0.0,1.0,1.0,1.0,1.0,1.0,0.0,5.0
476,VNO,Vornado Realty Trust,Real Estate,Office REITs,1730000000.0,125800000.0,5430000000.0,43.19,1.04,0.7,2.5,567727.0,27.25,1.27,7.49,0.0,0.0,0.0,0.0,0.0,0.0,0.0,0.0
477,VMC,Vulcan Materials Company,Materials,Construction Materials,6620000000.0,609700000.0,22640000000.0,37.52,3.39,4.3,9.0,141799.0,165.59,0.8,0.93,0.0,0.0,0.0,0.0,0.0,0.0,1.0,1.0
478,WAB,Wabtec,Industrials,Construction Machinery & Heavy Trucks,7950000000.0,631800000.0,16790000000.0,27.52,1.72,3.4,6.3,172436.0,91.31,1.52,0.64,0.0,0.0,0.0,0.0,0.0,0.0,1.0,1.0
479,WBA,Walgreens Boots Alliance,Consumer Staples,Drug Retail,134520000000.00002,5110000000.0,29700000000.0,5.89,1.14,5.9,21.0,8987155.0,34.74,0.63,5.53,0.0,1.0,1.0,0.0,0.0,0.0,0.0,2.0
480,WMT,Walmart,Consumer Staples,Hypermarkets & Super Centers,587820000000.0,13870000000.0,373630000000.0,27.56,4.87,5.6,17.3,1970832.0,136.4,0.53,1.62,0.0,1.0,1.0,1.0,0.0,0.0,1.0,4.0
481,WBD,Warner Bros. Discovery,Communication Services,Broadcasting,19320000000.0,2849000000.0,30780000000.0,,0.58,-4.6,-13.1,20631213.0,12.95,1.37,,0.5,0.0,0.0,0.0,0.0,0.0,0.0,0.5
482,WM,Waste Management,Industrials,Environmental & Facilities Services,19030000000.0,2140000000.0,71870000000.0,33.96,10.01,7.3,30.0,340408.0,172.41,0.76,1.5,0.0,0.0,1.0,1.0,0.0,1.0,1.0,4.0
483,WAT,Waters Corporation,Health Care,Health Care Distributors,2900000000.0,702100000.0,18700000000.0,27.54,48.54,22.8,196.4,72743.0,304.43,0.87,,0.0,0.0,0.0,0.0,1.0,1.0,0.0,2.0
484,WEC,WEC Energy Group,Utilities,Electric Utilities,8980000000.0,1370000000.0,33690000000.0,24.8,3.0,3.5,12.3,310785.0,105.39,0.29,2.71,0.0,0.0,0.0,0.0,1.0,1.0,0.0,2.0
485,WFC,Wells Fargo,Financials,Diversified Banks,41690000000.0,16489999999.999998,172320000000.0,10.92,1.1,0.9,10.1,6721325.0,43.69,1.16,2.64,0.0,1.0,1.0,1.0,0.0,0.0,0.0,3.0
486,WELL,Welltower,Real Estate,Health Care REITs,5420000000.0,239000000.0,35690000000.0,146.55,1.92,1.1,2.2,519157.0,76.04,0.98,3.12,0.0,1.0,0.0,1.0,0.0,0.0,1.0,3.0
487,WST,West Pharmaceutical Services,Health Care,Health Care Supplies,2930000000.0,685600000.0,22770000000.0,34.83,9.6,20.9,29.5,69362.0,299.68,1.18,0.23,0.0,0.0,0.0,0.0,1.0,0.0,1.0,2.0
488,WDC,Western Digital,Information Technology,"Technology Hardware, Storage & Peripherals",18790000000.0,1500000000.0,12520000000.0,8.27,1.0,5.7,12.6,8252183.0,39.32,1.51,,0.0,0.0,0.0,0.0,0.0,0.0,0.0,0.0
489,WRK,WestRock,Materials,Paper Packaging,20940000000.0,923700000.0,10450000000.0,11.81,0.92,3.2,8.0,364980.0,39.96,1.04,2.41,0.5,1.0,0.0,0.0,0.0,0.0,0.0,1.5
490,WY,Weyerhaeuser,Real Estate,Specialized REITs,10640000000.0,2460000000.0,25080000000.0,10.53,2.38,14.0,23.3,1136861.0,33.18,1.49,2.08,0.0,1.0,1.0,0.0,1.0,1.0,0.0,4.0
491,WHR,Whirlpool Corporation,Consumer Discretionary,Household Appliances,21320000000.0,697000000.0,8480000000.0,14.81,2.22,3.6,15.4,375139.0,150.45,1.56,4.38,0.0,0.0,0.0,0.0,0.0,1.0,0.0,1.0
492,WMB,Williams Companies,Energy,Oil & Gas Storage & Transportation,10750000000.0,1560000000.0,40300000000.0,26.44,3.69,3.3,13.9,2063642.0,33.36,1.19,5.02,0.0,0.0,0.0,0.0,0.0,1.0,1.0,2.0
493,WTW,Willis Towers Watson,Financials,Insurance Brokers,8870000000.0,1750000000.0,22550000000.0,14.8,2.24,10.3,30.8,513150.0,206.29,0.77,1.59,0.0,0.0,0.0,0.0,1.0,1.0,0.0,2.0
494,GWW,W. W. Grainger,Industrials,Industrial Machinery,14210000000.0,1320000000.0,28800000000.0,22.25,13.16,19.5,66.0,85135.0,557.77,1.2,1.21,0.0,0.0,0.0,0.0,1.0,1.0,0.0,2.0
495,WYNN,Wynn Resorts,Consumer Discretionary,Casinos & Gaming,3900000000.0,656800000.0,6940000000.0,,,-5.4,216.4,2604459.0,62.68,2.13,,0.0,0.0,0.0,0.0,0.0,1.0,0.0,1.0
496,XEL,Xcel Energy,Utilities,Multi-Utilities,14000000000.0,1630000000.0,40840000000.0,24.96,2.57,2.8,10.4,3540792.0,75.08,0.35,2.6,0.0,1.0,1.0,1.0,0.0,0.0,0.0,3.0
497,XYL,Xylem Inc.,Industrials,Industrial Machinery,5220000000.0,421000000.0,17510000000.0,42.0,5.5,5.1,13.3,238267.0,94.76,1.11,1.23,0.0,0.0,0.0,0.0,0.0,0.0,1.0,1.0
498,YUM,Yum! Brands,Consumer Discretionary,Restaurants,6680000000.0,1480000000.0,33440000000.0,23.48,,24.7,-17.8,377547.0,114.42,1.03,1.94,0.0,0.0,0.0,0.0,1.0,0.0,0.0,1.0
499,ZBRA,Zebra Technologies,Information Technology,Electronic Equipment & Instruments,5800000000.0,497000000.0,15000000000.0,31.92,6.09,7.8,17.7,422894.0,293.5,1.67,,0.0,0.0,0.0,0.0,0.0,0.0,0.0,0.0
500,ZBH,Zimmer Biomet,Health Care,Health Care Equipment,7410000000.0,299600000.0,24210000000.0,83.93,2.06,1.0,1.9,428823.0,116.83,1.15,0.8,0.0,0.0,0.0,0.0,0.0,0.0,1.0,1.0
501,ZION,Zions Bancorporation,Financials,Regional Banks,2300000000.0,824000000.0,8630000000.0,10.73,1.66,0.9,13.0,1361713.0,57.3,1.23,2.86,0.0,0.0,0.0,0.0,0.0,0.0,0.0,0.0
502,ZTS,Zoetis,Health Care,Pharmaceuticals,8000000000.0,2090000000.0,75120000000.0,37.76,17.08,15.1,45.3,414115.0,162.16,0.76,0.78,0.0,0.0,0.0,0.0,1.0,1.0,1.0,3.0
